Page Number,Text,Company_Type,City,Company_Name,Address,Building,Full_Address,Latitude,Longitude
1,"Tee aayis , 670,536",,Boston,"Tee aayis ,","670,536",,"670,536, Boston",-34.7606867755102,-58.3713193877551
1,"DA G. HASKINS, JR., Attorney, 10",Attorney,Boston,"DA G. HASKINS, JR., Attorney,",10,,"10, Boston",-33.89644205,18.622387046340194
1,"aremen t_ st, 8 cial attention given",Attorney,Boston,"aremen t_ st,",8 cial attention given,,"8 cial attention given, Boston",,
1,o Beal Estate,Attorney,Boston,o Beal Estate,,,,,
1,Real Estate,Real Estate,Boston,Real Estate,,,,,
1,"ROWN-WALEER-SIMMONS CO., John cock",Real Estate,Boston,"ROWN-WALEER-SIMMONS CO., John cock",,,,,
1,"n Set JONES, John Hancock ldg.",Real Estate,Boston,"n Set JONES, John Hancock ldg.",,,,,
1,"A. 0. NORTON, Congress",Real Estate,Boston,A.,"0. NORTON, Congress",,"0. NORTON, Congress, Boston",,
1,FEED  o. Woop UFF  co. 0 Btate e,Real Estate,Boston,FEED  o. Woop UFF  co.,0 Btate e,,"0 Btate e, Boston",,
1,"Geo. H. Abbott e Co., 209 Washington",Real Estate,Boston,"Geo. H. Abbott e Co.,",209 Washington,,"209 Washington, Boston",47.6380627,-122.352658
1,"pomard K. Abbott, 86 Warre",Real Estate,Boston,"pomard K. Abbott,",86 Warre,,"86 Warre, Boston",,
1,"L. B. Abbott, 17 Valentine",Real Estate,Boston,"L. B. Abbott,",17 Valentine,,"17 Valentine, Boston",42.32176491403129,-71.0922159916902
1,"Adams Real Estate Trust, 84 Sta",Real Estate,Boston,"Adams Real Estate Trust,",84 Sta,,"84 Sta, Boston",,
1,"A. Adelman  Co., 1030 Old So. tag.",Real Estate,Boston,"A. Adelman  Co.,",1030 Old So. tag.,,"1030 Old So. tag., Boston",,
1,"R. H. Allen, 27 State",Real Estate,Boston,"R. H. Allen,",27 State,,"27 State, Boston",,
1,"Wm..H. Allen, 67 Chaunc",Real Estate,Boston,"Wm..H. Allen,",67 Chaunc,,"67 Chaunc, Boston",,
1,"Alford Bros,  Co., 79 Milk",Real Estate,Boston,"Alford Bros,  Co.,",79 Milk,,"79 Milk, Boston",42.356922088235294,-71.05683888235295
1,"Am, Real Estate Co., 6 Beacon",Real Estate,Boston,"Am, Real Estate Co.,",6 Beacon,,"6 Beacon, Boston",42.35803185,-71.06152878081869
1,"Amico  Caruso, 84 Porter",Real Estate,Boston,"Amico  Caruso,",84 Porter,,"84 Porter, Boston",42.31516889169297,-71.10290423925117
1,"J. Edward Anderson, 19 Milk",Real Estate,Boston,"J. Edward Anderson,",19 Milk,,"19 Milk, Boston",42.3566899,-71.05843388507586
1,"R. F. Andrews  Co., 2343 Washington",Real Estate,Boston,"R. F. Andrews  Co.,",2343 Washington,,"2343 Washington, Boston",45.5153672,-122.837946
1,"7 my Aneel  Co., 89 Blue Hill ave.",Real Estate,Boston,,"7 my Aneel  Co., 89 Blue Hill ave.",,"7 my Aneel  Co., 89 Blue Hill ave., Boston",,
1,J. angles 236 John Hancock building.,Real Estate,Boston,J. angles 236 John Hancock building.,, angles 236 John Hancock building," angles 236 John Hancock building, Boston",,
1,"Franke Antheny, Dorchester",Real Estate,Boston,"Franke Antheny, Dorchester",,,,,
1,"Geo. CAP cc  Son, 402 Worthing- ton",Real Estate,Boston,"Geo. CAP cc  Son,",402 Worthing- ton,,"402 Worthing- ton, Boston",,
1,"John Y, A OChGED. o Tremont Tem.",Real Estate,Boston,"John Y, A OChGED. o Tremont Tem.",,,,,
1,"Philip 8. Aronson, 8choo",Real Estate,Boston,Philip,"8. Aronson, 8choo",,"8. Aronson, 8choo, Boston",,
1,"William Arthur, 38. Fatmouth",Real Estate,Boston,"William Arthur,",38. Fatmouth,,"38. Fatmouth, Boston",,
1,"Aspinwall  Codman, 60 Congress",Real Estate,Boston,"Aspinwall  Codman,",60 Congress,,"60 Congress, Boston",42.35771165217391,-71.0563067826087
1,"Atwood, Pattee  Potter, 27 School",Real Estate,Boston,"Atwood, Pattee  Potter,",27 School,,"27 School, Boston",,
1,"Atwood  Everett, 42 Dartmouth",Real Estate,Boston,"Atwood  Everett,",42 Dartmouth,,"42 Dartmouth, Boston",42.344043,-71.07458701472223
1,WwW. G. AZien or. Alliston,Real Estate,Boston,WwW. G. AZien or. Alliston,,,,,
1,"proree y. P. Babb, Roslindale",Real Estate,Boston,"proree y. P. Babb, Roslindale",,,,,
1,"ay Real Estate Co., 206 Mass. ave.",Real Estate,Boston,"ay Real Estate Co.,",206 Mass. ave.,,"206 Mass. ave., Boston",,
1,"Ben. Badger, Jr., 846 Tremont building.",Real Estate,Boston,"Ben. Badger, Jr., 846 Tremont building.",, 846 Tremont building," 846 Tremont building, Boston",,
1,"Bagley  Cline, East Boaton",Real Estate,Boston,"Bagley  Cline, East Boaton",,,,,
1,"Herman W. Bailey, 3 Irvington",Real Estate,Boston,"Herman W. Bailey,",3 Irvington,,"3 Irvington, Boston",,
1,"Edward F. Baker, 8 Beacon",Real Estate,Boston,"Edward F. Baker,",8 Beacon,,"8 Beacon, Boston",42.3581715,-71.06171720177726
1,"Watson F. Baker, Jr., 60 State",Real Estate,Boston,"Watson F. Baker, Jr.,",60 State,,"60 State, Boston",,
1,"Joseph Balch, 53 State",Real Estate,Boston,"Joseph Balch,",53 State,,"53 State, Boston",,
1,"Wm. F. Baldwin, 30 Ames building.",Real Estate,Boston,"Wm. F. Baldwin, 30 Ames building.",, 30 Ames building," 30 Ames building, Boston",,
1,"Bamfard  Tyler, 2 Milk",Real Estate,Boston,"Bamfard  Tyler,",2 Milk,,"2 Milk, Boston",42.3569904,-71.05838377025316
1,"L. 8S.  G. Barker, Dorchester",Real Estate,Boston,L.,"8S.  G. Barker, Dorchester",,"8S.  G. Barker, Dorchester, Boston",,
1,"Samuel Barnard, 183 Summer",Real Estate,Boston,"Samuel Barnard,",183 Summer,,"183 Summer, Boston",42.34559165,-71.04632748228212
1,"C. F. Barnes, 2584 Washington",Real Estate,Boston,"C. F. Barnes,",2584 Washington,,"2584 Washington, Boston",45.5153672,-122.837946
1,ane x carnse. o08 Nore insion building.,Real Estate,Boston,ane x carnse. o08 Nore insion building.,, o08 Nore insion building," o08 Nore insion building, Boston",,
1,"re arnes, 1053 xchange building.",Real Estate,Boston,"re arnes, 1053 xchange building.",, 1053 xchange building," 1053 xchange building, Boston",,
1,"William BE. Barnes, Atlantic",Real Estate,Boston,"William BE. Barnes, Atlantic",,,,,
1,"James Barrett, 643A Warren",Real Estate,Boston,"James Barrett,",643A Warren,,"643A Warren, Boston",,
1,"G. B. Barron  Dempsey, 679. Tremont",Real Estate,Boston,"G. B. Barron  Dempsey,",679. Tremont,,"679. Tremont, Boston",42.34162155,-71.07647385
1,"R. 8. Barrows, 262 Washington",Real Estate,Boston,R.,"8. Barrows, 262 Washington",,"8. Barrows, 262 Washington, Boston",,
1,"Wm. B. Bartlett, 389 Broadway",Real Estate,Boston,"Wm. B. Bartlett,",389 Broadway,,"389 Broadway, Boston",42.39492950183713,-71.06694465697028
1,"Max Haruch, 190 North",Real Estate,Boston,"Max Haruch,",190 North,,"190 North, Boston",40.713016499999995,-73.46036319999999
1,"Gardner Bates, Charlestown",Real Estate,Boston,"Gardner Bates, Charlestown",,,,,
1,"Mrs. L. B. Battle, 10 Pledmont",Real Estate,Boston,"Mrs. L. B. Battle,",10 Pledmont,,"10 Pledmont, Boston",,
1,"Horace W. Baxter, Jr., 28 Chambers",Real Estate,Boston,"Horace W. Baxter, Jr.,",28 Chambers,,"28 Chambers, Boston",38.212688,-84.552344
1,"ney State Land Co., 16 Exchange",Real Estate,Boston,"ney State Land Co.,",16 Exchange,,"16 Exchange, Boston",,
1,William A. L. Bazeley 53 State,Real Estate,Boston,William A. L. Bazeley,53 State,,"53 State, Boston",,
1,". B. Beal, 43 Tremont",Real Estate,Boston,". B. Beal,",43 Tremont,,"43 Tremont, Boston",42.376180904369726,-71.05814041964803
1,"Gardner Beals, 16 State",Real Estate,Boston,"Gardner Beals,",16 State,,"16 State, Boston",-37.8157151,145.0777572
1,"Geo. C. Beals, 27 State",Real Estate,Boston,"Geo. C. Beals,",27 State,,"27 State, Boston",,
1,"John L, Behneke, 802 Worthington building",Real Estate,Boston,"John L, Behneke, 802 Worthington building",, 802 Worthington building," 802 Worthington building, Boston",,
1,"F. Eugene Belden, 101 Tremont",Real Estate,Boston,"F. Eugene Belden,",101 Tremont,,"101 Tremont, Boston",42.3572206,-71.0610355
1,"James F. Bell, «7 Court",Real Estate,Boston,"James F. Bell, «",7 Court,,"7 Court, Boston",42.3382387,-71.0554306
1,"Henry _D. Bennett, 85 Water",Real Estate,Boston,"Henry _D. Bennett,",85 Water,,"85 Water, Boston",,
1,"E. C. Benson, Jamaica",Real Estate,Boston,"E. C. Benson, Jamaica",,,,,
1,"Joseph L, Bergman, 27 School",Real Estate,Boston,"Joseph L, Bergman,",27 School,,"27 School, Boston",,
1,"P, Bernstein, 837 over",Real Estate,Boston,"P, Bernstein,",837 over,,"837 over, Boston",,
1,"Wm. Berwin, 201 Uid South building.",Real Estate,Boston,"Wm. Berwin, 201 Uid South building.",, 201 Uid South building," 201 Uid South building, Boston",,
1,"HB. J. Beasarick, 414 Old South building.",Real Estate,Boston,"HB. J. Beasarick, 414 Old South building.",, 414 Old South building," 414 Old South building, Boston",,
1,"Bethel Beach Co., Germantown",Real Estate,Boston,"Bethel Beach Co., Germantown",,,,,
1,"Prescott Bigelow, Jr., 70 Kilby",Real Estate,Boston,"Prescott Bigelow, Jr.,",70 Kilby,,"70 Kilby, Boston",42.35773433333333,-71.055106
1,"Joseph J. Billington, 56 Warren",Real Estate,Boston,"Joseph J. Billington,",56 Warren,,"56 Warren, Boston",,
1,"8. Biloski, 201 Old South building.",Real Estate,Boston,"8. Biloski, 201 Old South building.",, 201 Old South building," 201 Old South building, Boston",,
1,"Geo. P. Bingham Co., 60 State",Real Estate,Boston,"Geo. P. Bingham Co.,",60 State,,"60 State, Boston",,
1,Amos Binney 626 Exchange building.,Real Estate,Boston,Amos Binney 626 Exchange building.,,,,,
1,"Mre. E, H. Bishop, 276 Tremont",Real Estate,Boston,"Mre. E, H. Bishop,",276 Tremont,,"276 Tremont, Boston",42.34979505,-71.06472977820025
1,"Edward F. Blake  Co., Dorchester",Real Estate,Boston,"Edward F. Blake  Co., Dorchester",,,,,
1,Robert Parkman Buake. 60 Congress,Real Estate,Boston,Robert Parkman Buake.,60 Congress,,"60 Congress, Boston",42.35771165217391,-71.0563067826087
1,"Blake  Loud, 75 Btate",Real Estate,Boston,"Blake  Loud,",75 Btate,,"75 Btate, Boston",,
1,"Wm. _B, Blakemore, 141 Milk",Real Estate,Boston,"Wm. _B, Blakemore,",141 Milk,,"141 Milk, Boston",42.35749357894758,-71.0544402667874
1,"L. W. Blanchard, 318A Highland ave.",Real Estate,Boston,"L. W. Blanchard,",318A Highland ave.,,"318A Highland ave., Boston",42.3288137,-71.0927555
1,"Frank H. Blaney, Bast Boston",Real Estate,Boston,"Frank H. Blaney, Bast Boston",,,,,
1,"Robert M. Bleakis, 15 State",Real Estate,Boston,"Robert M. Bleakis,",15 State,,"15 State, Boston",,
1,Reainald Boardman. 56 Ames building.,Real Estate,Boston,Reainald Boardman. 56 Ames building.,, 56 Ames building," 56 Ames building, Boston",,
1,"Richard De B. Boardman, 66 Ames building.",Real Estate,Boston,"Richard De B. Boardman, 66 Ames building.",, 66 Ames building," 66 Ames building, Boston",,
1,"T. Dennie Boardman, 66 Ames building.",Real Estate,Boston,"T. Dennie Boardman, 66 Ames building.",, 66 Ames building," 66 Ames building, Boston",,
1,"Bonelli-Adams Co., 60 State",Real Estate,Boston,"Bonelli-Adams Co.,",60 State,,"60 State, Boston",,
1,"L. H. Bonelli, Jr., 60 State",Real Estate,Boston,"L. H. Bonelli, Jr.,",60 State,,"60 State, Boston",,
1,"A. E. Bonney, 101 Tremont",Real Estate,Boston,"A. E. Bonney,",101 Tremont,,"101 Tremont, Boston",42.3572206,-71.0610355
1,"Simon Bornbum, 43 Tremont",Real Estate,Boston,"Simon Bornbum,",43 Tremont,,"43 Tremont, Boston",42.376180904369726,-71.05814041964803
1,"Boston Lowell Rity Co., 752 Old So. building.",Real Estate,Boston,"Boston Lowell Rity Co., 752 Old So. building.",, building," building, Boston",,
1,"Boston Real Estate Co., 6 Beacon",Real Estate,Boston,"Boston Real Estate Co.,",6 Beacon,,"6 Beacon, Boston",42.35803185,-71.06152878081869
1,"Henry EB. Bothfeld, 101 Tremont",Real Estate,Boston,"Henry EB. Bothfeld,",101 Tremont,,"101 Tremont, Boston",42.3572206,-71.0610355
1,"Henry J._ Bowen, 469 W. Broadway",Real Estate,Boston,"Henry J._ Bowen,",469 W. Broadway,,"469 W. Broadway, Boston",42.3357309,-71.0462523
1,"Bdward J. Boyle  Co., 4 Province Ct.",Real Estate,Boston,"Bdward J. Boyle  Co.,",4 Province Ct.,,"4 Province Ct., Boston",42.35715358333333,-71.05964625
1,"H. N. Brackett, 399 Warren",Real Estate,Boston,"H. N. Brackett,",399 Warren,,"399 Warren, Boston",,
1,"John 8. Bradbury, 1116 Old South building.",Real Estate,Boston,"John 8. Bradbury, 1116 Old South building.",, 1116 Old South building," 1116 Old South building, Boston",,
1,"Bradley  Tyson, 60 State",Real Estate,Boston,"Bradley  Tyson,",60 State,,"60 State, Boston",,
1,Breck’s Real Estate Pee 51 N. Market,Real Estate,Boston,Breck’s Real Estate Pee,51 N. Market,,"51 N. Market, Boston",,
1,"James H. Breman, 31 State",Real Estate,Boston,"James H. Breman,",31 State,,"31 State, Boston",,
1,"J. . F. Brewster, 28 State",Real Estate,Boston,"J. . F. Brewster,",28 State,,"28 State, Boston",42.0671435,-73.5291416
1,"Edmund Bridge, 209 Washington",Real Estate,Boston,"Edmund Bridge,",209 Washington,,"209 Washington, Boston",47.6380627,-122.352658
1,"J. F. Briggs, 114 State",Real Estate,Boston,"J. F. Briggs,",114 State,,"114 State, Boston",42.2858801,-71.09698515183277
1,"RL.  G. L. Briggs, 15 Schoo",Real Estate,Boston,"RL.  G. L. Briggs,",15 Schoo,,"15 Schoo, Boston",,
1,John W._Brittan. 101 Tremont,Real Estate,Boston,John W._Brittan.,101 Tremont,,"101 Tremont, Boston",42.3572206,-71.0610355
1,"Samuel Broadbent, 63 State",Real Estate,Boston,"Samuel Broadbent,",63 State,,"63 State, Boston",,
1,John M. Brooks. 63 State,Real Estate,Boston,John M. Brooks.,63 State,,"63 State, Boston",,
1,"Walter D. Brocks, 50 Congress",Real Estate,Boston,"Walter D. Brocks,",50 Congress,,"50 Congress, Boston",42.3580051,-71.05599075644182
1,"Geo. M. Brown, 66 Sterlin",Real Estate,Boston,"Geo. M. Brown,",66 Sterlin,,"66 Sterlin, Boston",,
1,Brown  Stackpole. 101 Tremont,Real Estate,Boston,Brown  Stackpole.,101 Tremont,,"101 Tremont, Boston",42.3572206,-71.0610355
1,"Johny D. Bruce, 223 Dudley",Real Estate,Boston,"Johny D. Bruce,",223 Dudley,,"223 Dudley, Boston",42.3283659,-71.08026760504717
1,"Buckley  Co., Roslindale",Real Estate,Boston,"Buckley  Co., Roslindale",,,,,
1,"Walter Butgess, 15 Exchange",Real Estate,Boston,"Walter Butgess,",15 Exchange,,"15 Exchange, Boston",,
1,"Fred W. Burleigh, Ashmont",Real Estate,Boston,"Fred W. Burleigh, Ashmont",,,,,
1,"G. A. Burleigh, Dorchester",Real Estate,Boston,"G. A. Burleigh, Dorchester",,,,,
1,"Burnham Really Co., 209 Washington",Real Estate,Boston,"Burnham Really Co.,",209 Washington,,"209 Washington, Boston",47.6380627,-122.352658
1,"Clarence V. Burrage, 60 Congress",Real Estate,Boston,"Clarence V. Burrage,",60 Congress,,"60 Congress, Boston",42.35771165217391,-71.0563067826087
1,"Cabot, Cabot  Forbes, 60 State",Real Estate,Boston,"Cabot, Cabot  Forbes,",60 State,,"60 State, Boston",,
2,BOSTON— Continued.,Real Estate,Boston,BOSTON— Continued.,,,,,
2,"Campbell  Cabot, 3 Water",Real Estate,Boston,"Campbell  Cabot,",3 Water,,"3 Water, Boston",8.4879925,-13.2372487
2,"Carberry  Thomas, 43 Tremont",Real Estate,Boston,"Carberry  Thomas,",43 Tremont,,"43 Tremont, Boston",42.376180904369726,-71.05814041964803
2,"Anthony D. Carbone, S. Boston",Real Estate,Boston,"Anthony D. Carbone, S. Boston",,,,,
2,"Cc. E. Carlaon, 701 Tremont Temple",Real Estate,Boston,"Cc. E. Carlaon,",701 Tremont Temple,,"701 Tremont Temple, Boston",,
2,"Frank A. Carnes  Co., 654 Uld So, blu",Real Estate,Boston,"Frank A. Carnes  Co.,","654 Uld So, blu",,"654 Uld So, blu, Boston",,
2,"Geo. W. Carnes, 28 School",Real Estate,Boston,"Geo. W. Carnes,",28 School,,"28 School, Boston",,
2,"James Carr, Jamaica",Real Estate,Boston,"James Carr, Jamaica",,,,,
2,"J. H. Carr, 840 Dorchester ave.",Real Estate,Boston,"J. H. Carr,",840 Dorchester ave.,,"840 Dorchester ave., Boston",42.32215935,-71.05660265
2,"Carter  Peabody, 749 Tremont building.",Real Estate,Boston,"Carter  Peabody, 749 Tremont building.",, 749 Tremont building," 749 Tremont building, Boston",,
2,"R. lL. Casey, 27 School",Real Estate,Boston,"R. lL. Casey,",27 School,,"27 School, Boston",,
2,"Edward F, Cassell, 18 Tremont",Real Estate,Boston,"Edward F, Cassell,",18 Tremont,,"18 Tremont, Boston",42.37655895,-71.05890117343729
2,"H. E Chamberlain, 85 Congress",Real Estate,Boston,"H. E Chamberlain,",85 Congress,,"85 Congress, Boston",42.357685565217395,-71.05629047826086
2,"Walter Channing, Jr., 60 Congress",Real Estate,Boston,"Walter Channing, Jr.,",60 Congress,,"60 Congress, Boston",42.35771165217391,-71.0563067826087
2,. B_H. oa 31 State,Real Estate,Boston,. B_H. oa,31 State,,"31 State, Boston",,
2,"Geo. H. Chapin, 294 Washington",Real Estate,Boston,"Geo. H. Chapin,",294 Washington,,"294 Washington, Boston",45.5153672,-122.837946
2,"Dan’ J. Chapman, 615 Dorchester ave",Real Estate,Boston,"Dan’ J. Chapman,",615 Dorchester ave,,"615 Dorchester ave, Boston",42.32873635,-71.05711755
2,George Gnerry. Mt. Hope,Real Estate,Boston,George Gnerry. Mt. Hope,,,,,
2,"City  Suburban R] Est. Co., 101 Trmt",Real Estate,Boston,"City  Suburban R] Est. Co.,",101 Trmt,,"101 Trmt, Boston",,
2,"Chas. W. Claggett, 7 Water",Real Estate,Boston,"Chas. W. Claggett,",7 Water,,"7 Water, Boston",,
2,"Francis Clare, 18 Tremont",Real Estate,Boston,"Francis Clare,",18 Tremont,,"18 Tremont, Boston",42.37655895,-71.05890117343729
2,"Herbert Clark, 28 State",Real Estate,Boston,"Herbert Clark,",28 State,,"28 State, Boston",42.0671435,-73.5291416
2,"Robert J. Clark, 730 State Mut. bidx",Real Estate,Boston,"Robert J. Clark,",730 State Mut. bidx,,"730 State Mut. bidx, Boston",,
2,"Seth C. Clark, 101 Tremont",Real Estate,Boston,"Seth C. Clark,",101 Tremont,,"101 Tremont, Boston",42.3572206,-71.0610355
2,"Henry Martyn Clarke, 50 State",Real Estate,Boston,"Henry Martyn Clarke,",50 State,,"50 State, Boston",,
2,"John Chandler Cobb, 60 State",Real Estate,Boston,"John Chandler Cobb,",60 State,,"60 State, Boston",,
2,"B. F. Cobleigh  Co., Roslindalr",Real Estate,Boston,"B. F. Cobleigh  Co., Roslindalr",,,,,
2,"ohard . Cochran, Forest Hills",Real Estate,Boston,"ohard . Cochran, Forest Hills",,,,,
2,"m. David Cochrane, 63 State",Real Estate,Boston,"m. David Cochrane,",63 State,,"63 State, Boston",,
2,"Codman  Street, 16 State",Real Estate,Boston,"Codman  Street,",16 State,,"16 State, Boston",-37.8157151,145.0777572
2,"Charlies S Coffin, Dorchester",Real Estate,Boston,"Charlies S Coffin, Dorchester",,,,,
2,"Coffin  Taber, 24 Milk",Real Estate,Boston,"Coffin  Taber,",24 Milk,,"24 Milk, Boston",42.35686388888889,-71.05781888888889
2,"Wm. H. Colcord, 60 State",Real Estate,Boston,"Wm. H. Colcord,",60 State,,"60 State, Boston",,
2,"Geo. A. Cole, 50 Congress",Real Estate,Boston,"Geo. A. Cole,",50 Congress,,"50 Congress, Boston",42.3580051,-71.05599075644182
2,"Coleman  Gilbert, 319 Huntn. ave.",Real Estate,Boston,"Coleman  Gilbert,",319 Huntn. ave.,,"319 Huntn. ave., Boston",,
2,"Henry F. Coles, Devonshire",Real Estate,Boston,"Henry F. Coles, Devonshire",,,,,
2,"A. LD. Collins, 84 School",Real Estate,Boston,"A. LD. Collins,",84 School,,"84 School, Boston",,
2,"Colonial Real Hstate Co., Dorchester",Real Estate,Boston,"Colonial Real Hstate Co., Dorchester",,,,,
2,"Commonwealth Realty Co., 58 State",Real Estate,Boston,"Commonwealth Realty Co.,",58 State,,"58 State, Boston",,
2,"Charlies M. Conane, 40 Old South building",Real Estate,Boston,"Charlies M. Conane, 40 Old South building",, 40 Old South building," 40 Old South building, Boston",,
2,"Edward D. Conant, 4 P. O. Square",Real Estate,Boston,"Edward D. Conant,",4 P. O. Square,,"4 P. O. Square, Boston",,
2,"Thos. Condon, W. Roxbury",Real Estate,Boston,"Thos. Condon, W. Roxbury",,,,,
2,"Joseph Congdon, 830 Old South building.",Real Estate,Boston,"Joseph Congdon, 830 Old South building.",, 830 Old South building," 830 Old South building, Boston",,
2,"Harrison W. Conner, 294 Washington",Real Estate,Boston,"Harrison W. Conner,",294 Washington,,"294 Washington, Boston",45.5153672,-122.837946
2,"H. B. J. Connington, 40 State",Real Estate,Boston,"H. B. J. Connington,",40 State,,"40 State, Boston",42.2879799,-71.0955197
2,"B. J. Connolly, 18 Tremont",Real Estate,Boston,"B. J. Connolly,",18 Tremont,,"18 Tremont, Boston",42.37655895,-71.05890117343729
2,"Charies B. Cotting, 809 Barstrs. Hal",Real Estate,Boston,"Charies B. Cotting,",809 Barstrs. Hal,,"809 Barstrs. Hal, Boston",,
2,"Estate of Frank B. CUvtton, 131 State",Real Estate,Boston,"Estate of Frank B. CUvtton,",131 State,,"131 State, Boston",40.81468785575194,-72.99655027038511
2,"Frank W. Coughlin, 294 Washington",Real Estate,Boston,"Frank W. Coughlin,",294 Washington,,"294 Washington, Boston",45.5153672,-122.837946
2,"nome pe Cowan, 209 Washington",Real Estate,Boston,"nome pe Cowan,",209 Washington,,"209 Washington, Boston",47.6380627,-122.352658
2,"8 M. Cox, 425 Old South building.",Real Estate,Boston,"8 M. Cox, 425 Old South building.",, 425 Old South building," 425 Old South building, Boston",,
2,"Thomas H. Cox, 714 Shawmut ave.",Real Estate,Boston,"Thomas H. Cox,",714 Shawmut ave.,,"714 Shawmut ave., Boston",42.3330601,-71.083064
2,"Crawford Real Estate Co., Dorchester",Real Estate,Boston,"Crawford Real Estate Co., Dorchester",,,,,
2,"Credle’s Real Est. Combination, 61",Real Estate,Boston,"Credle’s Real Est. Combination,",61,,"61, Boston",-34.75591208163265,-58.37480106122449
2,"Shawmut aye,",Real Estate,Boston,"Shawmut aye,",,,,,
2,"David W. Creed, 205 Dorchester",Real Estate,Boston,"David W. Creed,",205 Dorchester,,"205 Dorchester, Boston",42.31612785,-71.08437137298296
2,"Daniel J. Cronin, 15 State -",Real Estate,Boston,"Daniel J. Cronin,",15 State -,,"15 State -, Boston",,
2,J. A. Cronin  Co. 126 Mass. ave.,Real Estate,Boston,J. A. Cronin  Co.,126 Mass. ave.,,"126 Mass. ave., Boston",42.284260599999996,-71.08348783614787
2,"Cronin  Schuyler, 15 State",Real Estate,Boston,"Cronin  Schuyler,",15 State,,"15 State, Boston",,
2,"Horace S. Crowell, 60 State",Real Estate,Boston,"Horace S. Crowell,",60 State,,"60 State, Boston",,
2,"James J. Crowley, 28 State",Real Estate,Boston,"James J. Crowley,",28 State,,"28 State, Boston",42.0671435,-73.5291416
2,"Watson G. Cutter  Sons, 16 State",Real Estate,Boston,"Watson G. Cutter  Sons,",16 State,,"16 State, Boston",-37.8157151,145.0777572
2,"Peter Dally, 120 Boylston",Real Estate,Boston,"Peter Dally,",120 Boylston,,"120 Boylston, Boston",42.31761255,-71.10365034021692
2,"Daniel J. Daly, Dorchester",Real Estate,Boston,"Daniel J. Daly, Dorchester",,,,,
2,"Franklin_P. Daly, 101 Tremont",Real Estate,Boston,"Franklin_P. Daly,",101 Tremont,,"101 Tremont, Boston",42.3572206,-71.0610355
2,"Levi A. Dame, 7 Water",Real Estate,Boston,"Levi A. Dame,",7 Water,,"7 Water, Boston",,
2,"Meyer Dana, 481 Kimball building.",Real Estate,Boston,"Meyer Dana, 481 Kimball building.",, 481 Kimball building," 481 Kimball building, Boston",,
2,"Samuel L. Dana, 34 School",Real Estate,Boston,"Samuel L. Dana,",34 School,,"34 School, Boston",,
2,"Juilus Dangel, 1024 Old South building.",Real Estate,Boston,"Juilus Dangel, 1024 Old South building.",, 1024 Old South building," 1024 Old South building, Boston",,
2,"8. M. Danielson, 752 Old South building.",Real Estate,Boston,"8. M. Danielson, 752 Old South building.",, 752 Old South building," 752 Old South building, Boston",,
2,"Wm. A. Davidson, 100 St. Marys",Real Estate,Boston,"Wm. A. Davidson,",100 St. Marys,,"100 St. Marys, Boston",52.8990833,-0.0867969
2,"George Davis, 70 State",Real Estate,Boston,"George Davis,",70 State,,"70 State, Boston",42.684560450000006,-78.76593268321099
2,"iL. Shannon Davis, 612 Barstrs. Hall",Real Estate,Boston,"iL. Shannon Davis,",612 Barstrs. Hall,,"612 Barstrs. Hall, Boston",,
2,"Ww. J. M. De Angelis, Dorchester",Real Estate,Boston,"Ww. J. M. De Angelis, Dorchester",,,,,
2,"Geo. L, DeBlofs, 80 Kilby",Real Estate,Boston,"Geo. L, DeBlofs,",80 Kilby,,"80 Kilby, Boston",42.3576985,-71.055081
2,"W. T. Delaney, 614 Tremont",Real Estate,Boston,"W. T. Delaney,",614 Tremont,,"614 Tremont, Boston",42.34250865,-71.07383190864726
2,"Raymond P. Delano, Upham's Cor.",Real Estate,Boston,"Raymond P. Delano, Upham's Cor.",,,,,
2,"EE. M. Dennen, 88 Dartmouth",Real Estate,Boston,"EE. M. Dennen,",88 Dartmouth,,"88 Dartmouth, Boston",42.34540538461538,-71.07513169230769
2,"Roberts B. Denny, 143 Federal",Real Estate,Boston,"Roberts B. Denny,",143 Federal,,"143 Federal, Boston",-34.61421990803847,-58.508656487706475
2,"Hector H. Desnoyers, 1160 Tremont bic",Real Estate,Boston,"Hector H. Desnoyers,",1160 Tremont bic,,"1160 Tremont bic, Boston",,
2,"Clifford Devens, 54 Devonshire",Real Estate,Boston,"Clifford Devens,",54 Devonshire,,"54 Devonshire, Boston",42.3582474,-71.0571837
2,James V. Devine. Dorchester,Real Estate,Boston,James V. Devine. Dorchester,,,,,
2,"Wallace D. Dexter, 50 Congress",Real Estate,Boston,"Wallace D. Dexter,",50 Congress,,"50 Congress, Boston",42.3580051,-71.05599075644182
2,"Robert L. Dickson, 826 Old South building",Real Estate,Boston,"Robert L. Dickson, 826 Old South building",, 826 Old South building," 826 Old South building, Boston",,
2,"Geo. A. Dill, 401 Tremont building.",Real Estate,Boston,"Geo. A. Dill, 401 Tremont building.",, 401 Tremont building," 401 Tremont building, Boston",,
2,OSTON—Continucd.,Real Estate,Boston,OSTON—Continucd.,,,,,
2,"Joseph D. Diliworth, 16 State",Real Estate,Boston,"Joseph D. Diliworth,",16 State,,"16 State, Boston",-37.8157151,145.0777572
2,"Dodge Bros., 27 School",Real Estate,Boston,"Dodge Bros.,",27 School,,"27 School, Boston",,
2,"Edw. J. Doherty, Brighton",Real Estate,Boston,"Edw. J. Doherty, Brighton",,,,,
2,Frank L. poner 68 Dudley,Real Estate,Boston,Frank L. poner,68 Dudley,,"68 Dudley, Boston",42.31826125,-71.06710756250001
2,ponent eee 418A Geneva ave.,Real Estate,Boston,ponent eee,418A Geneva ave.,,"418A Geneva ave., Boston",42.301298,-71.067873
2,"olan, amaica Plain",Real Estate,Boston,"olan, amaica Plain",,,,,
2,"Dole  Sherburne, 180 Tremont",Real Estate,Boston,"Dole  Sherburne,",180 Tremont,,"180 Tremont, Boston",42.35271705,-71.06412131008959
2,"Thomas Donahue, Nantasket Beach",Real Estate,Boston,"Thomas Donahue, Nantasket Beach",,,,,
2,"Donaldson, Ingalls  Co., 294 Wash.",Real Estate,Boston,"Donaldson, Ingalls  Co.,",294 Wash.,,"294 Wash., Boston",,
2,"Eugene D. Donnell, W. Somerville",Real Estate,Boston,"Eugene D. Donnell, W. Somerville",,,,,
2,"John H. Donovan, Tremont",Real Estate,Boston,"John H. Donovan, Tremont",,,,,
2,"Benj. H. Dorr, 28 State",Real Estate,Boston,"Benj. H. Dorr,",28 State,,"28 State, Boston",42.0671435,-73.5291416
2,"Dorr, Tileston, Warren, Roxbury",Real Estate,Boston,"Dorr, Tileston, Warren, Roxbury",,,,,
2,"Chas, C. Doten, Dorchester",Real Estate,Boston,"Chas, C. Doten, Dorchester",,,,,
2,"oa F. Dow, 63 Btate",Real Estate,Boston,"oa F. Dow,",63 Btate,,"63 Btate, Boston",,
2,"M. Downes, Dorchester",Real Estate,Boston,"M. Downes, Dorchester",,,,,
2,"i. Doyle, 63 Hoxboe",Real Estate,Boston,"i. Doyle,",63 Hoxboe,,"63 Hoxboe, Boston",,
2,"Stephen A. Drew, 1123 Old South building.",Real Estate,Boston,"Stephen A. Drew, 1123 Old South building.",, 1123 Old South building," 1123 Old South building, Boston",,
2,"Geo. H. S. Driver, 18 Tremont",Real Estate,Boston,"Geo. H. S. Driver,",18 Tremont,,"18 Tremont, Boston",42.37655895,-71.05890117343729
2,"Wilton A. Dunham, 7 Water",Real Estate,Boston,"Wilton A. Dunham,",7 Water,,"7 Water, Boston",,
2,"Jobo W, Dunlop, 81 Milk",Real Estate,Boston,"Jobo W, Dunlop,",81 Milk,,"81 Milk, Boston",42.3569225,-71.056831
2,"Geo. BD. Gurgin, 31 Ames building.",Real Estate,Boston,"Geo. BD. Gurgin, 31 Ames building.",, 31 Ames building," 31 Ames building, Boston",,
2,"Wm. Dwyer, 15 State",Real Estate,Boston,"Wm. Dwyer,",15 State,,"15 State, Boston",,
2,"Bast Boston Co., 16 State",Real Estate,Boston,"Bast Boston Co.,",16 State,,"16 State, Boston",-37.8157151,145.0777572
2,"seeery Land Co., 101 Tremont",Real Estate,Boston,"seeery Land Co.,",101 Tremont,,"101 Tremont, Boston",42.3572206,-71.0610355
2,"witey 6 . Edmands, 178 Devonshire",Real Estate,Boston,witey,"6 . Edmands, 178 Devonshire",,"6 . Edmands, 178 Devonshire, Boston",,
2,"Eisenberg, 85 S8tillman",Real Estate,Boston,"Eisenberg,",85 S8tillman,,"85 S8tillman, Boston",,
2,"Alfred Ela, 905 Old South building.",Real Estate,Boston,"Alfred Ela, 905 Old South building.",, 905 Old South building," 905 Old South building, Boston",,
2,"Edward H. Eldredge  Co., 16 Stute",Real Estate,Boston,"Edward H. Eldredge  Co.,",16 Stute,,"16 Stute, Boston",,
2,"Geo. B. Biliot, 209 Washington",Real Estate,Boston,"Geo. B. Biliot,",209 Washington,,"209 Washington, Boston",47.6380627,-122.352658
2,"Benjamin P. Ellis, 16 State",Real Estate,Boston,"Benjamin P. Ellis,",16 State,,"16 State, Boston",-37.8157151,145.0777572
2,John L. Ellis. Dorchester,Real Estate,Boston,John L. Ellis. Dorchester,,,,,
2,"Joseph H. Emerson, 2414 Washington",Real Estate,Boston,"Joseph H. Emerson,",2414 Washington,,"2414 Washington, Boston",45.5153672,-122.837946
2,"eso Emmons, 627 John Hancock",Real Estate,Boston,"eso Emmons,",627 John Hancock,,"627 John Hancock, Boston",,
2,Samuel Epstein. 362 Blue Hill ave.,Real Estate,Boston,Samuel Epstein.,362 Blue Hill ave.,,"362 Blue Hill ave., Boston",42.312191,-71.08036775
2,"Arthur W, Evans, 15 State",Real Estate,Boston,"Arthur W, Evans,",15 State,,"15 State, Boston",,
2,"Brice 8S, Evans  Son, 34 Equitable building.",Real Estate,Boston,"Brice 8S, Evans  Son, 34 Equitable building.",, 34 Equitable building," 34 Equitable building, Boston",,
2,"Percival A. Evyana, 19 Congress",Real Estate,Boston,"Percival A. Evyana,",19 Congress,,"19 Congress, Boston",42.35820875,-71.05680026326299
2,"e Evans, 18 Tremont",Real Estate,Boston,"e Evans,",18 Tremont,,"18 Tremont, Boston",42.37655895,-71.05890117343729
2,F. BE. Everett. 100 Ames building.,Real Estate,Boston,F. BE. Everett. 100 Ames building.,, 100 Ames building," 100 Ames building, Boston",,
2,"Wm. H, Fanning, 606 Dudley",Real Estate,Boston,"Wm. H, Fanning,",606 Dudley,,"606 Dudley, Boston",42.32041493333333,-71.0714152
2,"Owen F. Farley, Jr. 27 State",Real Estate,Boston,"Owen F. Farley, Jr.",27 State,,"27 State, Boston",,
2,"Wm. M. Farrington, 70 Kilby",Real Estate,Boston,"Wm. M. Farrington,",70 Kilby,,"70 Kilby, Boston",42.35773433333333,-71.055106
2,Geo. B. Faunce  Son. 142 Dudley,Real Estate,Boston,Geo. B. Faunce  Son.,142 Dudley,,"142 Dudley, Boston",42.328778186956434,-71.08384576775283
2,Federal Real Est.  Inv. Co.. 10382 Old,Real Estate,Boston,Federal Real Est.  Inv. Co..,10382 Old,,"10382 Old, Boston",54.28769425,-0.4009198859086697
2,South building.,Real Estate,Boston,South building.,,,,,
2,Fernald  Squire 628 Tremont building.,Real Estate,Boston,Fernald  Squire 628 Tremont building.,,,,,
2,"Finlay, Crowe  “Hastings. 60 State",Real Estate,Boston,"Finlay, Crowe  “Hastings.",60 State,,"60 State, Boston",,
2,"Wm, A. Finlay, 89 State",Real Estate,Boston,"Wm, A. Finlay,",89 State,,"89 State, Boston",,
2,"MN. ™ Finnegan, 331 ‘Broadway",Real Estate,Boston,"MN. ™ Finnegan,",331 ‘Broadway,,"331 ‘Broadway, Boston",42.39492950183713,-71.06694465697028
2,"Andrew P. Fisher  Co., B. Boston",Real Estate,Boston,"Andrew P. Fisher  Co., B. Boston",,,,,
2,Robert 8. Fitch. Dorchester,Real Estate,Boston,Robert,8. Fitch. Dorchester,,"8. Fitch. Dorchester, Boston",,
2,"Fitzgerald's Ren Est. Agcy, Dorchester",Real Estate,Boston,"Fitzgerald's Ren Est. Agcy, Dorchester",,,,,
2,CP.  HD. Flagg 166 Blackstone,Real Estate,Boston,CP.  HD. Flagg,166 Blackstone,,"166 Blackstone, Boston",42.36181893877551,-71.0566238367347
2,"Fleming, Bros, 168 3aa8. ove.",Real Estate,Boston,"Fleming, Bros,",168 3aa8. ove.,,"168 3aa8. ove., Boston",,
2,R. Filnt. 614 Broadway,Real Estate,Boston,R. Filnt.,614 Broadway,,"614 Broadway, Boston",42.39492950183713,-71.06694465697028
2,"Wane J. Flynp, 10 Tremont",Real Estate,Boston,"Wane J. Flynp,",10 Tremont,,"10 Tremont, Boston",42.3766397,-71.0592136
2,"Thomas B®. Folger, 76 Berkeley",Real Estate,Boston,"Thomas B®. Folger,",76 Berkeley,,"76 Berkeley, Boston",42.34701605,-71.07125605711379
2,"Floyd  Tucker, 34 Schoo",Real Estate,Boston,"Floyd  Tucker,",34 Schoo,,"34 Schoo, Boston",,
2,"F. Murray Forbes, 60 ae",Real Estate,Boston,"F. Murray Forbes,",60 ae,,"60 ae, Boston",42.3554334,-71.060511
2,"Geo. W. Foster, 42 Court",Real Estate,Boston,"Geo. W. Foster,",42 Court,,"42 Court, Boston",,
2,"James P. Fox, 1511 Tomer oe",Real Estate,Boston,"James P. Fox,",1511 Tomer oe,,"1511 Tomer oe, Boston",,
2,"Frazer  Macdonald, 36 Alas",Real Estate,Boston,"Frazer  Macdonald,",36 Alas,,"36 Alas, Boston",18.579532673299052,-72.32870824081326
2,"si A. Frederickson, 1 Beerling. . Rox.",Real Estate,Boston,"si A. Frederickson,",1 Beerling. . Rox.,,"1 Beerling. . Rox., Boston",,
2,"M. Freeman  Co., 288 Old So. building.",Real Estate,Boston,"M. Freeman  Co., 288 Old So. building.",, building," building, Boston",,
2,"Batten F. Freeman, 18 rpramont",Real Estate,Boston,"Batten F. Freeman,",18 rpramont,,"18 rpramont, Boston",,
2,"Freeman  Lawrence, 65 Kilby",Real Estate,Boston,"Freeman  Lawrence,",65 Kilby,,"65 Kilby, Boston",42.357602755102036,-71.0552632244898
2,"A. F, French, 91 Humboldt ave",Real Estate,Boston,"A. F, French,",91 Humboldt ave,,"91 Humboldt ave, Boston",42.31688824405422,-71.08672531424845
2,"H. G, French, 912 Old South building...",Real Estate,Boston,"H. G, French, 912 Old South building...",, 912 Old South building," 912 Old South building, Boston",,
2,James W. Brench. 78 Tremont,Real Estate,Boston,James W. Brench.,78 Tremont,,"78 Tremont, Boston",42.375804800000004,-71.0571226
2,"Frank M. Frost, 661 Old South building.",Real Estate,Boston,"Frank M. Frost, 661 Old South building.",, 661 Old South building," 661 Old South building, Boston",,
2,"Herbert 8, Frost, 668 Dudley, Roxbury",Real Estate,Boston,Herbert,"8, Frost, 668 Dudley, Roxbury",,"8, Frost, 668 Dudley, Roxbury, Boston",,
2,W. F. Fuller. Jamaica,Real Estate,Boston,W. F. Fuller. Jamaica,,,,,
2,"John A. Hurst, Jamaica",Real Estate,Boston,"John A. Hurst, Jamaica",,,,,
2,"Chas, S Gallagher, 277 Cal. ave.",Real Estate,Boston,"Chas, S Gallagher,",277 Cal. ave.,,"277 Cal. ave., Boston",,
2,"Edward Gallagher, 18 Jremont",Real Estate,Boston,"Edward Gallagher,",18 Jremont,,"18 Jremont, Boston",,
2,"Gartland Bros., 28 Schoo",Real Estate,Boston,"Gartland Bros.,",28 Schoo,,"28 Schoo, Boston",,
2,"Albert  Albert, Jr., Opleer 87 Milk",Real Estate,Boston,"Albert  Albert, Jr., Opleer",87 Milk,,"87 Milk, Boston",42.35692373529412,-71.05680735294118
2,"Geneva Agency, Dorchester",Real Estate,Boston,"Geneva Agency, Dorchester",,,,,
2,"Ludwig Gerhard, w12 Summer",Real Estate,Boston,"Ludwig Gerhard, w",12 Summer,,"12 Summer, Boston",,
2,"James R. Gerrish,-1 Tremont",Real Estate,Boston,"James R. Gerrish,-",1 Tremont,,"1 Tremont, Boston",42.3341028,-71.09086484851406
2,"Charles E. Gibson, 181 State",Real Estate,Boston,"Charles E. Gibson,",181 State,,"181 State, Boston",40.949307,-73.7313826
2,"F. W. Gifford, 8F Dudley",Real Estate,Boston,"F. W. Gifford,",8F Dudley,,"8F Dudley, Boston",42.3180326,-71.0671876
3,"W. EH Gilbert, 335 Old South building",Real Estate,Boston,"W. EH Gilbert, 335 Old South building",, 335 Old South building," 335 Old South building, Boston",,
3,Giles . Bosworth. Dorchester,Real Estate,Boston,Giles . Bosworth. Dorchester,,,,,
3,"Louls A. Gineburg, 18 Tremont",Real Estate,Boston,"Louls A. Gineburg,",18 Tremont,,"18 Tremont, Boston",42.37655895,-71.05890117343729
3,"Glo Real Estate Co., 18 Tremont",Real Estate,Boston,"Glo Real Estate Co.,",18 Tremont,,"18 Tremont, Boston",42.37655895,-71.05890117343729
3,. ard  C 1774. Washington,Real Estate,Boston,. ard  C,1774. Washington,,"1774. Washington, Boston",45.5153672,-122.837946
3,"3, Goldinger. 48 “Gentral. Sau Square aco 2",Real Estate,Boston,,"3, Goldinger. 48 “Gentral. Sau Square aco 2",,"3, Goldinger. 48 “Gentral. Sau Square aco 2, Boston",,
3,"Yilvem Goos  Co., 209 Washington",Real Estate,Boston,"Yilvem Goos  Co.,",209 Washington,,"209 Washington, Boston",47.6380627,-122.352658
3,"1. Gordon, 18 Tremon",Real Estate,Boston,,"1. Gordon, 18 Tremon",,"1. Gordon, 18 Tremon, Boston",,
3,"Seltzer, 338 Blue ‘am av. Rox",Real Estate,Boston,"Seltzer,",338 Blue ‘am av. Rox,,"338 Blue ‘am av. Rox, Boston",,
3,"P. F. Gormley, 16 Schoo",Real Estate,Boston,"P. F. Gormley,",16 Schoo,,"16 Schoo, Boston",,
3,"Grage-Dellano Co., rine. 2 216 Tremt. vid",Real Estate,Boston,"Grage-Dellano Co., rine.",2 216 Tremt. vid,,"2 216 Tremt. vid, Boston",,
3,"Peter Graffam, 6",Real Estate,Boston,"Peter Graffam,",6,,"6, Boston",40.8144422,-72.99688621079619
3,Grandberg Real Est. Agcy. 894 Blur,Real Estate,Boston,Grandberg Real Est. Agcy.,894 Blur,,"894 Blur, Boston",,
3,"Chas Brandson, 48 Tremont",Real Estate,Boston,"Chas Brandson,",48 Tremont,,"48 Tremont, Boston",42.376136,-71.057626
3,"Geo. R. Grantham, 18 Tremont",Real Estate,Boston,"Geo. R. Grantham,",18 Tremont,,"18 Tremont, Boston",42.37655895,-71.05890117343729
3,"Green eure   Standard, 43 Tremont",Real Estate,Boston,"Green eure   Standard,",43 Tremont,,"43 Tremont, Boston",42.376180904369726,-71.05814041964803
3,"John H. Griggs  Co., 162 Dudley, lox.",Real Estate,Boston,"John H. Griggs  Co.,","162 Dudley, lox.",,"162 Dudley, lox., Boston",,
3,"Gordon Hale, 16 State",Real Estate,Boston,"Gordon Hale,",16 State,,"16 State, Boston",-37.8157151,145.0777572
3,aoe F. Hall Popenearer,Real Estate,Boston,aoe F. Hall Popenearer,,,,,
3,Arthur J. Hall  B 202 Harrison ws,Real Estate,Boston,Arthur J. Hall  B,202 Harrison ws,,"202 Harrison ws, Boston",,
3,"Charlies Athon Hall, 645 Tremont building",Real Estate,Boston,"Charlies Athon Hall, 645 Tremont building",, 645 Tremont building," 645 Tremont building, Boston",,
3,". Hall, Dorchester",Real Estate,Boston,". Hall, Dorchester",,,,,
3,"B. Hallett, 423 Hanover",Real Estate,Boston,"B. Hallett,",423 Hanover,,"423 Hanover, Boston",42.3657365,-71.05267651126783
3,Fe memlen. 60 State,Real Estate,Boston,Fe memlen.,60 State,,"60 State, Boston",,
3,"Ruasell B, Hamlin, . Boston",Real Estate,Boston,"Ruasell B, Hamlin, . Boston",,,,,
3,"5 B, Hammond, Dorchester",Real Estate,Boston,,"5 B, Hammond, Dorchester",,"5 B, Hammond, Dorchester, Boston",,
3,"J. Hanson, 84 W. Rutland Sq.",Real Estate,Boston,"J. Hanson,",84 W. Rutland Sq.,,"84 W. Rutland Sq., Boston",42.343108160873285,-71.07997029539662
3,"Co., 230 Washington Harper",Real Estate,Boston,"Co.,",230 Washington Harper,,"230 Washington Harper, Boston",,
3,"‘Bawara T. Harrington Co., 293 Wash.",Real Estate,Boston,"‘Bawara T. Harrington Co.,",293 Wash.,,"293 Wash., Boston",,
3,Henry 1k .,Real Estate,Boston,Henry,1k .,,"1k ., Boston",42.3554334,-71.060511
3,"Chas. Hayte m, 68 Pemberton Sy",Real Estate,Boston,"Chas. Hayte m,",68 Pemberton Sy,,"68 Pemberton Sy, Boston",,
3,John oy axese. ae joes,Real Estate,Boston,John oy axese. ae joes,,,,,
3,611 Jenn ‘Hancock building,Real Estate,Boston,611 Jenn ‘Hancock building,,,,,
3,"fears He las, 3 Tremont",Real Estate,Boston,"fears He las,",3 Tremont,,"3 Tremont, Boston",42.37640535,-71.05920134687275
3,qa. on Dorohester,Real Estate,Boston,qa. on Dorohester,,,,,
3,"Jason Herrick, 15 Stato",Real Estate,Boston,"Jason Herrick,",15 Stato,,"15 Stato, Boston",,
3,"ersey, Dorchester",Real Estate,Boston,"ersey, Dorchester",,,,,
3,"John B. m Heslen, 1168 Columbus ave.",Real Estate,Boston,"John B. m Heslen,",1168 Columbus ave.,,"1168 Columbus ave., Boston",42.33084728420172,-71.09534649935132
3,"lL. F. Herthel, 924 Columbus",Real Estate,Boston,"lL. F. Herthel,",924 Columbus,,"924 Columbus, Boston",,
3,"Frederick A. Higgina, 630 Old South building",Real Estate,Boston,"Frederick A. Higgina, 630 Old South building",, 630 Old South building," 630 Old South building, Boston",,
3,W. N. Hinck q Water,Real Estate,Boston,W. N. Hinck q Water,,,,,
3,"FreGeriok ba, ‘W. Hob",Real Estate,Boston,"FreGeriok ba, ‘W. Hob",,,,,
3,"Pinckney Holbrook, 60",Real Estate,Boston,"Pinckney Holbrook,",60,,"60, Boston",-34.7557956122449,-58.37457895918367
3,"Well on Holbrook, 1044 ‘Ora So. hid.",Real Estate,Boston,"Well on Holbrook,",1044 ‘Ora So. hid.,,"1044 ‘Ora So. hid., Boston",,
3,oldswor 18 Tremont,Real Estate,Boston,oldswor,18 Tremont,,"18 Tremont, Boston",42.37655895,-71.05890117343729
3,"Hood Land Co., 60 Stat",Real Estate,Boston,"Hood Land Co.,",60 Stat,,"60 Stat, Boston",,
3,Edward 1. 1. Hopkins 363 Brdwy. S. Nos,Real Estate,Boston,Edward,1. 1. Hopkins 363 Brdwy. S. Nos,,"1. 1. Hopkins 363 Brdwy. S. Nos, Boston",,
3,"Frank xs Hor 450 Bdwy, S. Bos.",Real Estate,Boston,Frank xs Hor,"450 Bdwy, S. Bos.",,"450 Bdwy, S. Bos., Boston",,
3,"8 Ll. Horner, rohester",Real Estate,Boston,,"8 Ll. Horner, rohester",,"8 Ll. Horner, rohester, Boston",,
3,Hostford  . ie et Devonshire,Real Estate,Boston,Hostford  . ie et Devonshire,,,,,
3,"Houghton  Rich, 15 State",Real Estate,Boston,"Houghton  Rich,",15 State,,"15 State, Boston",,
3,zB. Powton. Mattapan,Real Estate,Boston,zB. Powton. Mattapan,,,,,
3,Chas. W. ward  one 18 Tremont,Real Estate,Boston,Chas. W. ward  one,18 Tremont,,"18 Tremont, Boston",42.37655895,-71.05890117343729
3,J. i nbs Boye 28 8,Real Estate,Boston,J. i nbs Boye,28 8,,"28 8, Boston",42.3554334,-71.060511
3,615 ia ‘doutn building.,Real Estate,Boston,615 ia ‘doutn building.,,,,,
3,"‘ughes  Co., 201 Dev.",Real Estate,Boston,"‘ughes  Co.,",201 Dev.,,"201 Dev., Boston",,
3,deere Erie einai,Real Estate,Boston,deere Erie einai,,,,,
3,umboldt av,Real Estate,Boston,umboldt av,,,,,
3,Hdwerd RLuntin 7,Real Estate,Boston,Hdwerd RLuntin,7,,"7, Boston",40.81451455,-72.9961958796855
3,John 4 1 remon Plain,Real Estate,Boston,John,4 1 remon Plain,,"4 1 remon Plain, Boston",,
3,Sohn Fethrise a Bo s20 Bronamy Hal,Real Estate,Boston,Sohn Fethrise a Bo s,20 Bronamy Hal,,"20 Bronamy Hal, Boston",,
3,W. Jenkins Oren  Gal,Real Estate,Boston,W. Jenkins Oren  Gal,,,,,
3,Jen Z0s8 Old Gouth vid,Real Estate,Boston,Jen Z,0s8 Old Gouth vid,,"0s8 Old Gouth vid, Boston",,
3,KonredJehnaon se ote blag.,Real Estate,Boston,KonredJehnaon se ote blag.,,,,,
3,"A. M. Johnson, Dorchester",Real Estate,Boston,"A. M. Johnson, Dorchester",,,,,
3,"D. Webster Johnson, 542 Old South bidy",Real Estate,Boston,"D. Webster Johnson,",542 Old South bidy,,"542 Old South bidy, Boston",,
3,"Frank Johnson, 338 Wurren",Real Estate,Boston,"Frank Johnson,",338 Wurren,,"338 Wurren, Boston",,
3,"Uscar Johneon, 60 Bromfeld",Real Estate,Boston,"Uscar Johneon,",60 Bromfeld,,"60 Bromfeld, Boston",,
3,"Charles J. Johnston, 60 Munroe",Real Estate,Boston,"Charles J. Johnston,",60 Munroe,,"60 Munroe, Boston",42.292495761636545,-71.05262208948217
3,"John J. Johnston, Jr., 66 Falmouth",Real Estate,Boston,"John J. Johnston, Jr.,",66 Falmouth,,"66 Falmouth, Boston",42.3436593,-71.0853599
3,"I. E. H. Jones, Dorchester",Real Estate,Boston,"I. E. H. Jones, Dorchester",,,,,
3,"Rk. F. Jordon  Co., East Boston",Real Estate,Boston,"Rk. F. Jordon  Co., East Boston",,,,,
3,"Sunford Joyce, 62 Court",Real Estate,Boston,"Sunford Joyce,",62 Court,,"62 Court, Boston",,
3,"C. Ernest Judkins, 699 B. Bdwy, S. Box",Real Estate,Boston,"C. Ernest Judkins,","699 B. Bdwy, S. Box",,"699 B. Bdwy, S. Box, Boston",,
3,"C. 3, Judkins, 936 Old South building.",Real Estate,Boston,"C. 3, Judkins, 936 Old South building.",, 936 Old South building," 936 Old South building, Boston",,
3,"Samuel Jukes  Geo. B. French, 234 Oh",Real Estate,Boston,"Samuel Jukes  Geo. B. French,",234 Oh,,"234 Oh, Boston",39.8881269,-81.1984426
3,South building.,Real Estate,Boston,South building.,,,,,
3,"Lewis Kallis, 258 Washington",Real Estate,Boston,"Lewis Kallis,",258 Washington,,"258 Washington, Boston",45.5153672,-122.837946
3,"Eugene J. Karge, 906 Tremont bilg.",Real Estate,Boston,"Eugene J. Karge,",906 Tremont bilg.,,"906 Tremont bilg., Boston",,
3,"Lewis P. Kaufman, 28 School",Real Estate,Boston,"Lewis P. Kaufman,",28 School,,"28 School, Boston",,
3,"Willlam Kaufman, 7 Kemble",Real Estate,Boston,"Willlam Kaufman,",7 Kemble,,"7 Kemble, Boston",42.32953898345492,-71.07422614647123
3,"vb. A. Kearns, 286 Blue Hijl ave.",Real Estate,Boston,"vb. A. Kearns,",286 Blue Hijl ave.,,"286 Blue Hijl ave., Boston",,
3,"S. W. Keene  Son, 300 Warren, Rox.",Real Estate,Boston,"S. W. Keene  Son,","300 Warren, Rox.",,"300 Warren, Rox., Boston",,
3,"Henry Ww. Kelly, 68 Warren",Real Estate,Boston,"Henry Ww. Kelly,",68 Warren,,"68 Warren, Boston",,
3,"F. J. Kessier,  Co., 161 Devonshire",Real Estate,Boston,"F. J. Kessier,  Co.,",161 Devonshire,,"161 Devonshire, Boston",42.3562793,-71.0574902
3,"John F. Kilduff, 160 Appleton",Real Estate,Boston,"John F. Kilduff,",160 Appleton,,"160 Appleton, Boston",42.34495107897555,-71.07512108592148
3,"John C. Kiley, 18 Tremont",Real Estate,Boston,"John C. Kiley,",18 Tremont,,"18 Tremont, Boston",42.37655895,-71.05890117343729
3,"T. F. Killeen, 1143 Columbus ave.",Real Estate,Boston,"T. F. Killeen,",1143 Columbus ave.,,"1143 Columbus ave., Boston",42.33104654182265,-71.09513790152941
3,"FE. W. Kilpatrick, 44 Worcester",Real Estate,Boston,"FE. W. Kilpatrick,",44 Worcester,,"44 Worcester, Boston",42.338715428571426,-71.07705292857143
3,"George B. Kimball, 360 Warrcn",Real Estate,Boston,"George B. Kimball,",360 Warrcn,,"360 Warrcn, Boston",,
3,"Geo. W. Kimball  Co., 172 Col. ave.",Real Estate,Boston,"Geo. W. Kimball  Co.,",172 Col. ave.,,"172 Col. ave., Boston",,
3,Kimball  Butterfield,Real Estate,Boston,Kimball  Butterfield,,,,,
3,"King Bros., 294 Washington",Real Estate,Boston,"King Bros.,",294 Washington,,"294 Washington, Boston",45.5153672,-122.837946
3,"D. Webster. King, 70 State",Real Estate,Boston,"D. Webster. King,",70 State,,"70 State, Boston",42.684560450000006,-78.76593268321099
3,"Hurold o King, 200 Devonshire",Real Estate,Boston,"Hurold o King,",200 Devonshire,,"200 Devonshire, Boston",42.354768,-71.057442
3,"Bae . King, 9 Clty By.. Charleator",Real Estate,Boston,"Bae . King,",9 Clty By.. Charleator,,"9 Clty By.. Charleator, Boston",,
3,"Kingaley, Dorchester",Real Estate,Boston,"Kingaley, Dorchester",,,,,
3,"Edw Kronan, 478 Broadway",Real Estate,Boston,"Edw Kronan,",478 Broadway,,"478 Broadway, Boston",42.38603586425191,-71.07821203115157
3,"Ababa Kurinsky, 16 Court Square",Real Estate,Boston,"Ababa Kurinsky,",16 Court Square,,"16 Court Square, Boston",42.35895945,-71.05882547310607
3,"John 8S. Lamprey, 14 Jamcs",Real Estate,Boston,John,"8S. Lamprey, 14 Jamcs",,"8S. Lamprey, 14 Jamcs, Boston",,
3,"W. R. Landers, Mattapan",Real Estate,Boston,"W. R. Landers, Mattapan",,,,,
3,"Mre. M. Talbot Lane, 15 Schoal",Real Estate,Boston,"Mre. M. Talbot Lane,",15 Schoal,,"15 Schoal, Boston",,
3,"Lester D. Langley, 79 Milk",Real Estate,Boston,"Lester D. Langley,",79 Milk,,"79 Milk, Boston",42.356922088235294,-71.05683888235295
3,"Lunnin Realty Co., Forest Hilis",Real Estate,Boston,"Lunnin Realty Co., Forest Hilis",,,,,
3,F. Dewitt Lapham. Somerville,Real Estate,Boston,F. Dewitt Lapham. Somerville,,,,,
3,"Benj. H. Lattime, Somervilic",Real Estate,Boston,"Benj. H. Lattime, Somervilic",,,,,
3,"Robert Lawton, 24 Milk",Real Estate,Boston,"Robert Lawton,",24 Milk,,"24 Milk, Boston",42.35686388888889,-71.05781888888889
3,"I. N. Learned, 674 Tremont",Real Estate,Boston,"I. N. Learned,",674 Tremont,,"674 Tremont, Boston",42.341227950000004,-71.07623290000001
3,"Max Lebowich  Sons, 1 Washington",Real Estate,Boston,"Max Lebowich  Sons,",1 Washington,,"1 Washington, Boston",,
3,"Charlies . Lee, 95 Milk",Real Estate,Boston,"Charlies . Lee,",95 Milk,,"95 Milk, Boston",42.35692538235294,-71.0567758235294
3,"Luthur W. Lee, 60 State",Real Estate,Boston,"Luthur W. Lee,",60 State,,"60 State, Boston",,
3,"Leug  Hall, 60 State",Real Estate,Boston,"Leug  Hall,",60 State,,"60 State, Boston",,
3,". Leland, 31 Milk",Real Estate,Boston,". Leland,",31 Milk,,"31 Milk, Boston",42.356518550000004,-71.05798809065485
3,"pouls Levin, 1g Tremont",Real Estate,Boston,"pouls Levin,",1g Tremont,,"1g Tremont, Boston",42.331752050000006,-71.09871960537671
3,"H. Lewia, 16 State",Real Estate,Boston,"H. Lewia,",16 State,,"16 State, Boston",-37.8157151,145.0777572
3,". J. Lewis, 260 Huntn ave.",Real Estate,Boston,". J. Lewis,",260 Huntn ave.,,"260 Huntn ave., Boston",,
3,"Mark Lewis, 60 State",Real Estate,Boston,"Mark Lewis,",60 State,,"60 State, Boston",,
3,"H. Libbey  Son, 918 Old South building.",Real Estate,Boston,"H. Libbey  Son, 918 Old South building.",, 918 Old South building," 918 Old South building, Boston",,
3,"A. V._ Lincoln, 209 Washington",Real Estate,Boston,"A. V._ Lincoln,",209 Washington,,"209 Washington, Boston",47.6380634,-122.3526068
3,"Wim. Lincoln  Son, 27 State",Real Estate,Boston,"Wim. Lincoln  Son,",27 State,,"27 State, Boston",,
3,"Lombardi  Langone, 149 Salem",Real Estate,Boston,"Lombardi  Langone,",149 Salem,,"149 Salem, Boston",,
3,"Long  Hall, Dorchester",Real Estate,Boston,"Long  Hall, Dorchester",,,,,
3,"Charies EB. Loud, 75 Btate",Real Estate,Boston,"Charies EB. Loud,",75 Btate,,"75 Btate, Boston",,
3,"Albert J. Lovett, 817 Exchange hbidg.",Real Estate,Boston,"Albert J. Lovett,",817 Exchange hbidg.,,"817 Exchange hbidg., Boston",,
3,"Wiliam W, Lowe, 60 Congress",Real Estate,Boston,"Wiliam W, Lowe,",60 Congress,,"60 Congress, Boston",42.358247642857144,-71.05671628571427
3,"J. F.  D. J. Lucey, Melrose",Real Estate,Boston,"J. F.  D. J. Lucey, Melrose",,,,,
3,"M. S. Lurlte  Son, 15 Court Square",Real Estate,Boston,"M. S. Lurlte  Son,",15 Court Square,,"15 Court Square, Boston",42.3582417,-71.05866557949122
3,"J. H. Lyons, 16 State",Real Estate,Boston,"J. H. Lyons,",16 State,,"16 State, Boston",-37.8157151,145.0777572
3,"C. H. Lytthans, Dorchester",Real Estate,Boston,"C. H. Lytthans, Dorchester",,,,,
3,"MacCory  Burns, 735 Old South building.",Real Estate,Boston,"MacCory  Burns, 735 Old South building.",, 735 Old South building," 735 Old South building, Boston",,
3,"Wee, M. McCoy  Sons, 163 Milk",Real Estate,Boston,"Wee, M. McCoy  Sons,",163 Milk,,"163 Milk, Boston",42.3578158,-71.05404329999999
3,"McDonald, 96 Mlk",Real Estate,Boston,"McDonald,",96 Mlk,,"96 Mlk, Boston",,
3,"MeDonnid  Hester, 815 Tremont",Real Estate,Boston,"MeDonnid  Hester,",815 Tremont,,"815 Tremont, Boston",42.33813385714286,-71.08271028571428
3,"Thos. O. McEnaney, East Boston",Real Estate,Boston,"Thos. O. McEnaney, East Boston",,,,,
3,"McGowan  Bilis, 16 State",Real Estate,Boston,"McGowan  Bilis,",16 State,,"16 State, Boston",-37.8157151,145.0777572
3,"oe P. MacLellan, 288 Roxbury",Real Estate,Boston,"oe P. MacLellan,",288 Roxbury,,"288 Roxbury, Boston",42.3301979,-71.0947029944762
3,Ss. Hacreld. 181 Tremo,Real Estate,Boston,Ss. Hacreld.,181 Tremo,,"181 Tremo, Boston",,
3,"wm F. Macy, 1161 Old South building.",Real Estate,Boston,"wm F. Macy, 1161 Old South building.",, 1161 Old South building," 1161 Old South building, Boston",,
3,Frank Maguire. 10 Tremont,Real Estate,Boston,Frank Maguire.,10 Tremont,,"10 Tremont, Boston",42.3766397,-71.0592136
3,"Garden R. Hathaway, Marblehead, Mass",Real Estate,Boston,"Garden R. Hathaway, Marblehead, Mass",,,,,
3,"Chas. H. Marcy, 101 Tremont",Real Estate,Boston,"Chas. H. Marcy,",101 Tremont,,"101 Tremont, Boston",42.3572206,-71.0610355
3,"L, Marks, 284 Maas. ave.",Real Estate,Boston,"L, Marks,",284 Maas. ave.,,"284 Maas. ave., Boston",,
3,"Mass. Wharf Trust, Inc, 388 Kilby",Real Estate,Boston,"Mass. Wharf Trust, Inc,",388 Kilby,,"388 Kilby, Boston",42.35749333875688,-71.05509623407065
3,"M. Everett Mathes, 293 Washin ton",Real Estate,Boston,"M. Everett Mathes,",293 Washin ton,,"293 Washin ton, Boston",,
3,"J. V. McCarthy, 1123 -Old South building.",Real Estate,Boston,"J. V. McCarthy, 1123 -Old South building.",, 1123 -Old South building," 1123 -Old South building, Boston",,
3,"Plerce L. McCarthy, 18 Tremont",Real Estate,Boston,"Plerce L. McCarthy,",18 Tremont,,"18 Tremont, Boston",42.37655895,-71.05890117343729
3,"James J. McCarty, Mattapan",Real Estate,Boston,"James J. McCarty, Mattapan",,,,,
3,"Thomus McCormick, 835 Dorch. ave.",Real Estate,Boston,"Thomus McCormick,",835 Dorch. ave.,,"835 Dorch. ave., Boston",,
3,"A. C. MacKay, 376 Col. ave.",Real Estate,Boston,"A. C. MacKay,",376 Col. ave.,,"376 Col. ave., Boston",,
4,ISTON—Continued.,Real Estate,Boston,ISTON—Continued.,,,,,
4,"Mason  Bissel Co., 12 Clarendon",Real Estate,Boston,"Mason  Bissel Co.,",12 Clarendon,,"12 Clarendon, Boston",42.278457249999995,-71.12781708333334
4,"Mass. Real state Co., 20 Beacon",Real Estate,Boston,"Mass. Real state Co.,",20 Beacon,,"20 Beacon, Boston",42.357776799999996,-71.06266720978869
4,"Mass, Real Estate Exchange, 16 State",Real Estate,Boston,"Mass, Real Estate Exchange,",16 State,,"16 State, Boston",-37.8157151,145.0777572
4,"D. M. Marrison, 331 Old South building.",Real Estate,Boston,"D. M. Marrison, 331 Old South building.",, 331 Old South building," 331 Old South building, Boston",,
4,"Frederick E. Martin, 1374 Washington",Real Estate,Boston,"Frederick E. Martin,",1374 Washington,,"1374 Washington, Boston",45.5153672,-122.837946
4,"Ernest L. Mason, 1102 Tremont",Real Estate,Boston,"Ernest L. Mason,",1102 Tremont,,"1102 Tremont, Boston",42.33555597766159,-71.08755193119823
4,"Frank 88 Mason, 3 Dexter Row",Real Estate,Boston,Frank,"88 Mason, 3 Dexter Row",,"88 Mason, 3 Dexter Row, Boston",,
4,93818 Le 0D FP UGA AM,Real Estate,Boston,,93818 Le 0D FP UGA AM,,"93818 Le 0D FP UGA AM, Boston",,
4,"Martin Realty Co., 1368 Washington",Real Estate,Boston,"Martin Realty Co.,",1368 Washington,,"1368 Washington, Boston",45.5153672,-122.837946
4,"C. A. McIntosh Co., 648 Tremont building.",Real Estate,Boston,"C. A. McIntosh Co., 648 Tremont building.",, 648 Tremont building," 648 Tremont building, Boston",,
4,"L. T. McKenney, 120 Franklin",Real Estate,Boston,"L. T. McKenney,",120 Franklin,,"120 Franklin, Boston",38.13036931718241,-89.10461527600745
4,"J. H. McKenzle, 650 Shawmut ave.",Real Estate,Boston,"J. H. McKenzle,",650 Shawmut ave.,,"650 Shawmut ave., Boston",42.33524155220858,-71.08090105973929
4,"Thos, W. McQuaide Co., 101 Tremont",Real Estate,Boston,"Thos, W. McQuaide Co.,",101 Tremont,,"101 Tremont, Boston",42.3572206,-71.0610355
4,"John A. McPherson Co., Brighton",Real Estate,Boston,"John A. McPherson Co., Brighton",,,,,
4,"McPherson  Co., Brighton",Real Estate,Boston,"McPherson  Co., Brighton",,,,,
4,"James McTigue, Brighton",Real Estate,Boston,"James McTigue, Brighton",,,,,
4,"Patrick Meehan, Jamaica Plain",Real Estate,Boston,"Patrick Meehan, Jamaica Plain",,,,,
4,"Mercantile Wharf Corp., 88 Clinton",Real Estate,Boston,"Mercantile Wharf Corp.,",88 Clinton,,"88 Clinton, Boston",42.36083334021715,-71.05445858233999
4,"Wm. L. Mercer, 60 Schoo",Real Estate,Boston,"Wm. L. Mercer,",60 Schoo,,"60 Schoo, Boston",,
4,"Meredith  Grew, 15 Congress",Real Estate,Boston,"Meredith  Grew,",15 Congress,,"15 Congress, Boston",42.3583592,-71.0568266
4,"Walter . Merriam, Jamaica Plain",Real Estate,Boston,"Walter . Merriam, Jamaica Plain",,,,,
4,"C. EF. Meyer, Jamaica",Real Estate,Boston,"C. EF. Meyer, Jamaica",,,,,
4,"Edward B. Miles, 27 State",Real Estate,Boston,"Edward B. Miles,",27 State,,"27 State, Boston",,
4,"Robert F. Miller, 644 Tremont building.",Real Estate,Boston,"Robert F. Miller, 644 Tremont building.",, 644 Tremont building," 644 Tremont building, Boston",,
4,"Samuel 5. Miller, 949 Old South building.",Real Estate,Boston,"Samuel 5. Miller, 949 Old South building.",, 949 Old South building," 949 Old South building, Boston",,
4,"F. L. Millett, 628 -Tremont",Real Estate,Boston,"F. L. Millett,",628 -Tremont,,"628 -Tremont, Boston",42.3424383,-71.0743303
4,"0. A, Millet  Co., 57 Warren",Real Estate,Boston,,"0. A, Millet  Co., 57 Warren",,"0. A, Millet  Co., 57 Warren, Boston",,
4,"D. G. Mitchell, 1001 Tremont",Real Estate,Boston,"D. G. Mitchell,",1001 Tremont,,"1001 Tremont, Boston",42.336856,-71.085044
4,"James W. Mogan, E. Boston",Real Estate,Boston,"James W. Mogan, E. Boston",,,,,
4,"Robert M. Molineux, 60 State",Real Estate,Boston,"Robert M. Molineux,",60 State,,"60 State, Boston",,
4,"Monaton Rity Investing Corp., 35 Cong.",Real Estate,Boston,"Monaton Rity Investing Corp.,",35 Cong.,,"35 Cong., Boston",,
4,"Carl F. Monk, 50 State",Real Estate,Boston,"Carl F. Monk,",50 State,,"50 State, Boston",,
4,"H. B. Moody Land Co., 529 Old South building.",Real Estate,Boston,"H. B. Moody Land Co., 529 Old South building.",, 529 Old South building," 529 Old South building, Boston",,
4,"Chas. P. Mooney, 70 Kilby",Real Estate,Boston,"Chas. P. Mooney,",70 Kilby,,"70 Kilby, Boston",42.35773433333333,-71.055106
4,"E. B. Morrill, 18 Tremont",Real Estate,Boston,"E. B. Morrill,",18 Tremont,,"18 Tremont, Boston",42.37655895,-71.05890117343729
4,"M. L. Morrison, 34 School",Real Estate,Boston,"M. L. Morrison,",34 School,,"34 School, Boston",,
4,"J. H. Morse, 27 State",Real Estate,Boston,"J. H. Morse,",27 State,,"27 State, Boston",,
4,"Sylvanus G. Marse, 647 Tremont building.",Real Estate,Boston,"Sylvanus G. Marse, 647 Tremont building.",, 647 Tremont building," 647 Tremont building, Boston",,
4,"eorge W., Mudgett, 457 Dudley",Real Estate,Boston,"eorge W., Mudgett,",457 Dudley,,"457 Dudley, Boston",42.323823,-71.074102
4,"Peter J. Mullen, Jamaica Plain",Real Estate,Boston,"Peter J. Mullen, Jamaica Plain",,,,,
4,"Walter E. Mullett, Dorchester",Real Estate,Boston,"Walter E. Mullett, Dorchester",,,,,
4,"T, B. Munroe, 444 Tremont building.",Real Estate,Boston,"T, B. Munroe, 444 Tremont building.",, 444 Tremont building," 444 Tremont building, Boston",,
4,"Mutual Real Estate Co., Dorchester",Real Estate,Boston,"Mutual Real Estate Co., Dorchester",,,,,
4,"M. I. Mydans, 18 Tremont",Real Estate,Boston,"M. I. Mydans,",18 Tremont,,"18 Tremont, Boston",42.37655895,-71.05890117343729
4,"J. L. Nason, 408 Tremont building.",Real Estate,Boston,"J. L. Nason, 408 Tremont building.",, 408 Tremont building," 408 Tremont building, Boston",,
4,"Henry J. Nazro, 16 State",Real Estate,Boston,"Henry J. Nazro,",16 State,,"16 State, Boston",-37.8157151,145.0777572
4,"Herbert F. Nelson, 60 State",Real Estate,Boston,"Herbert F. Nelson,",60 State,,"60 State, Boston",,
4,"Israel Nesson, 101 Tremont",Real Estate,Boston,"Israel Nesson,",101 Tremont,,"101 Tremont, Boston",42.3572206,-71.0610355
4,"A. Neustadt, 361A Dudley",Real Estate,Boston,"A. Neustadt,",361A Dudley,,"361A Dudley, Boston",42.3290977,-71.0850876
4,"F A. Newell, 65 Warren ave.",Real Estate,Boston,"F A. Newell,",65 Warren ave.,,"65 Warren ave., Boston",42.25122708124501,-71.11569038270274
4,"Chas A. Newhall, 18 Tremont",Real Estate,Boston,"Chas A. Newhall,",18 Tremont,,"18 Tremont, Boston",42.37655895,-71.05890117343729
4,"Cheever Newhall, 18 Tremont",Real Estate,Boston,"Cheever Newhall,",18 Tremont,,"18 Tremont, Boston",42.37655895,-71.05890117343729
4,"Elbridge K. Newhall, 79 Milk",Real Estate,Boston,"Elbridge K. Newhall,",79 Milk,,"79 Milk, Boston",42.356922088235294,-71.05683888235295
4,"Newhall  Newhall, Brighton",Real Estate,Boston,"Newhall  Newhall, Brighton",,,,,
4,"Bewall E. Newman, 18 Tremont",Real Estate,Boston,"Bewall E. Newman,",18 Tremont,,"18 Tremont, Boston",42.37655895,-71.05890117343729
4,"Jobn CF. Newton, Jr. 15 Exchange",Real Estate,Boston,"Jobn CF. Newton, Jr.",15 Exchange,,"15 Exchange, Boston",,
4,"Alexander Nicholaon, 1006 Tremont",Real Estate,Boston,"Alexander Nicholaon,",1006 Tremont,,"1006 Tremont, Boston",42.3369849,-71.08444
4,"B. C. Nickerson, Jamaica Plain",Real Estate,Boston,"B. C. Nickerson, Jamaica Plain",,,,,
4,"J. W. Nightingale, 13 James",Real Estate,Boston,"J. W. Nightingale,",13 James,,"13 James, Boston",,
4,"J. Harris Niles, 60 State",Real Estate,Boston,"J. Harris Niles,",60 State,,"60 State, Boston",,
4,"L. V. Niles, 60 State",Real Estate,Boston,"L. V. Niles,",60 State,,"60 State, Boston",,
4,"Arthur J. Noble, Uphams Corner",Real Estate,Boston,"Arthur J. Noble, Uphams Corner",,,,,
4,"Noble  Myers, 588 Tremont",Real Estate,Boston,"Noble  Myers,",588 Tremont,,"588 Tremont, Boston",42.34308595,-71.0727722710314
4,"Northern Land Co., 101 Tremont",Real Estate,Boston,"Northern Land Co.,",101 Tremont,,"101 Tremont, Boston",42.3572206,-71.0610355
4,"Bennett Norwich, Dorchester",Real Estate,Boston,"Bennett Norwich, Dorchester",,,,,
4,"Frank A. Noyes, 713 Old South building.",Real Estate,Boston,"Frank A. Noyes, 713 Old South building.",, 713 Old South building," 713 Old South building, Boston",,
4,"Joshua T. owell, 42 Court",Real Estate,Boston,"Joshua T. owell,",42 Court,,"42 Court, Boston",,
4,"Geo. A. Nute, 3 W. Canton",Real Estate,Boston,"Geo. A. Nute,",3 W. Canton,,"3 W. Canton, Boston",42.34022909090909,-71.07191372727273
4,"Wm, Pease O’Brien, 84 Btate",Real Estate,Boston,"Wm, Pease O’Brien,",84 Btate,,"84 Btate, Boston",,
4,"Lionel BE. O’Hara, 40 Ames building.",Real Estate,Boston,"Lionel BE. O’Hara, 40 Ames building.",, 40 Ames building," 40 Ames building, Boston",,
4,"Jos. C. Kane, 216 Bowdoln. Dorchester",Real Estate,Boston,"Jos. C. Kane,",216 Bowdoln. Dorchester,,"216 Bowdoln. Dorchester, Boston",,
4,Thomas O'Neil. 433 Hanover,Real Estate,Boston,Thomas O'Neil.,433 Hanover,,"433 Hanover, Boston",42.3659304,-71.0527067
4,"Martin O'Shaughnessy, 565 Warren",Real Estate,Boston,"Martin O'Shaughnessy,",565 Warren,,"565 Warren, Boston",,
4,"A. T. Paddock, 262 Washington",Real Estate,Boston,"A. T. Paddock,",262 Washington,,"262 Washington, Boston",45.5153672,-122.837946
4,"Balley L. Page, Jamaica",Real Estate,Boston,"Balley L. Page, Jamaica",,,,,
4,"Frederick W. Paine, 28 State",Real Estate,Boston,"Frederick W. Paine,",28 State,,"28 State, Boston",42.0671435,-73.5291416
4,"Park Land Co., 15 School",Real Estate,Boston,"Park Land Co.,",15 School,,"15 School, Boston",,
4,"G. Frederick Parker, 21 Bromfield",Real Estate,Boston,"G. Frederick Parker,",21 Bromfield,,"21 Bromfield, Boston",42.35680445,-71.05981776209909
4,"o. 8. Parker, 28 Stato",Real Estate,Boston,o.,"8. Parker, 28 Stato",,"8. Parker, 28 Stato, Boston",,
4,"m. D. Parker, 40 State",Real Estate,Boston,"m. D. Parker,",40 State,,"40 State, Boston",42.2879799,-71.0955197
4,"Silas B. Parsons, Dorchester",Real Estate,Boston,"Silas B. Parsons, Dorchester",,,,,
4,"Partridge  Smith, 62 Tremont",Real Estate,Boston,"Partridge  Smith,",62 Tremont,,"62 Tremont, Boston",42.35014875,-71.17121555431208
4,"F. Alfred Patterson, 7 Walter",Real Estate,Boston,"F. Alfred Patterson,",7 Walter,,"7 Walter, Boston",,
4,"Wm. J. Paul, Dorchester Ge",Real Estate,Boston,"Wm. J. Paul, Dorchester Ge",,,,,
4,"G. W. Peckham, 262 Washington",Real Estate,Boston,"G. W. Peckham,",262 Washington,,"262 Washington, Boston",45.5153672,-122.837946
4,"Pelkey~Wallace Co., 101 Tremont",Real Estate,Boston,"Pelkey~Wallace Co.,",101 Tremont,,"101 Tremont, Boston",42.3572206,-71.0610355
4,"A. B. Pendleton, 18 Tremont",Real Estate,Boston,"A. B. Pendleton,",18 Tremont,,"18 Tremont, Boston",42.37655895,-71.05890117343729
4,"peabelle Pendleton, «9 Green",Real Estate,Boston,"peabelle Pendleton, «",9 Green,,"9 Green, Boston",42.288945,-71.0956472
4,D. Fenaycuter 16 State,Real Estate,Boston,D. Fenaycuter,16 State,,"16 State, Boston",-37.8157151,145.0777572
4,"four  6 Perkins, 77 Summer",Real Estate,Boston,four,"6 Perkins, 77 Summer",,"6 Perkins, 77 Summer, Boston",,
4,"Perry, 105 Summer",Real Estate,Boston,"Perry,",105 Summer,,"105 Summer, Boston",14.61150425,121.1755147
4,"Otls H. Perry, 929 Tremont building.",Real Estate,Boston,"Otls H. Perry, 929 Tremont building.",, 929 Tremont building," 929 Tremont building, Boston",,
4,"Rape D. Perry, 1134 Old South building.",Real Estate,Boston,"Rape D. Perry, 1134 Old South building.",, 1134 Old South building," 1134 Old South building, Boston",,
4,"Cc. Peters  Co., 10 Tremont",Real Estate,Boston,"Cc. Peters  Co.,",10 Tremont,,"10 Tremont, Boston",42.3588222,-71.0595746
4,"won  Peters, 1117 Tremont building.",Real Estate,Boston,"won  Peters, 1117 Tremont building.",, 1117 Tremont building," 1117 Tremont building, Boston",,
4,"K.  L. H, Phillipa, 161 Pearl",Real Estate,Boston,"K.  L. H, Phillipa,",161 Pearl,,"161 Pearl, Boston",,
4,"Thowies F. Phillipa, 1156 Tremont building.",Real Estate,Boston,"Thowies F. Phillipa, 1156 Tremont building.",, 1156 Tremont building," 1156 Tremont building, Boston",,
4,"A. P. Phinney, 2185 Washington",Real Estate,Boston,"A. P. Phinney,",2185 Washington,,"2185 Washington, Boston",45.5153672,-122.837946
4,"Phinney  Hill, 2414 Washington",Real Estate,Boston,"Phinney  Hill,",2414 Washington,,"2414 Washington, Boston",45.5153672,-122.837946
4,"J. B. ipps, 18 Tremont",Real Estate,Boston,"J. B. ipps,",18 Tremont,,"18 Tremont, Boston",42.37655895,-71.05890117343729
4,"Nathan Pinanski, 34 School",Real Estate,Boston,"Nathan Pinanski,",34 School,,"34 School, Boston",,
4,"Pinedale Park Land Co., 1080 Old S. building",Real Estate,Boston,"Pinedale Park Land Co., 1080 Old S. building",, building," building, Boston",,
4,"Fred B, Pond, 44 Humboldt ave.",Real Estate,Boston,"Fred B, Pond,",44 Humboldt ave.,,"44 Humboldt ave., Boston",42.3180575,-71.0861478
4,"Poole  Bigelow, 70 Kilby",Real Estate,Boston,"Poole  Bigelow,",70 Kilby,,"70 Kilby, Boston",42.35773433333333,-71.055106
4,"Clarence H. Poor, 85 Water",Real Estate,Boston,"Clarence H. Poor,",85 Water,,"85 Water, Boston",,
4,"Harris Poorin, 48 Tremont",Real Estate,Boston,"Harris Poorin,",48 Tremont,,"48 Tremont, Boston",42.35865194397904,-71.05983956442499
4,"Alex 8. Porter, 60 State",Real Estate,Boston,Alex,"8. Porter, 60 State",,"8. Porter, 60 State, Boston",,
4,"W. B. Porter, a Pemberton Square",Real Estate,Boston,"W. B. Porter, a Pemberton Square",,,,,
4,"Cc. EB. Powers  Co., Dorchester",Real Estate,Boston,"Cc. EB. Powers  Co., Dorchester",,,,,
4,"M. J. Powers, Dorchester",Real Estate,Boston,"M. J. Powers, Dorchester",,,,,
4,"Earl W. Pratt, 786 Washington",Real Estate,Boston,"Earl W. Pratt,",786 Washington,,"786 Washington, Boston",45.5153672,-122.837946
4,"Josiah F. Prescott, 209 Washington",Real Estate,Boston,"Josiah F. Prescott,",209 Washington,,"209 Washington, Boston",47.6380627,-122.352658
4,"Geo. A. Proctor, 85 Court",Real Estate,Boston,"Geo. A. Proctor,",85 Court,,"85 Court, Boston",,
4,"puer  Co., 28 School",Real Estate,Boston,"puer  Co.,",28 School,,"28 School, Boston",,
4,"H. M. Rambach, 18 Tremont",Real Estate,Boston,"H. M. Rambach,",18 Tremont,,"18 Tremont, Boston",42.37655895,-71.05890117343729
4,"Frank N, Rand, 27 State",Real Estate,Boston,"Frank N, Rand,",27 State,,"27 State, Boston",,
4,"Beverly Rantoul, 731 State Mut. building.",Real Estate,Boston,"Beverly Rantoul, 731 State Mut. building.",, building," building, Boston",,
4,Realty Investment Co. ie ene,Real Estate,Boston,Realty Investment Co. ie ene,,,,,
4,"Ralph W Ww. , Redding, 7 ‘Wat",Real Estate,Boston,"Ralph W Ww. , Redding,",7 ‘Wat,,"7 ‘Wat, Boston",,
4,dmond  Co.  85 Dexonanike,Real Estate,Boston,dmond  Co.,85 Dexonanike,,"85 Dexonanike, Boston",,
4,Jacob eevee 70 State,Real Estate,Boston,Jacob eevee,70 State,,"70 State, Boston",42.684560450000006,-78.76593268321099
4,"Geo. 8. Rice, 7 Water",Real Estate,Boston,Geo.,"8. Rice, 7 Water",,"8. Rice, 7 Water, Boston",,
4,"D. Bradley Rich  Co., 16 State",Real Estate,Boston,"D. Bradley Rich  Co.,",16 State,,"16 State, Boston",-37.8157151,145.0777572
4,"B. B. Richards, 75 Warren",Real Estate,Boston,"B. B. Richards,",75 Warren,,"75 Warren, Boston",42.34491215,-71.07289485000001
4,"EB.  HN. Richards, 114 State",Real Estate,Boston,"EB.  HN. Richards,",114 State,,"114 State, Boston",42.2858801,-71.09698515183277
4,"raarde Real Estate Co., 76 Warren",Real Estate,Boston,"raarde Real Estate Co.,",76 Warren,,"76 Warren, Boston",,
4,Ww. 8. a nen Allerton,Real Estate,Boston,Ww.,8. a nen Allerton,,"8. a nen Allerton, Boston",,
4,"Melbon . Richardson, 402 Sears building.",Real Estate,Boston,"Melbon . Richardson, 402 Sears building.",, 402 Sears building," 402 Sears building, Boston",,
4,"Malbon Gore Richardson, 50 Congrcss",Real Estate,Boston,"Malbon Gore Richardson,",50 Congrcss,,"50 Congrcss, Boston",,
4,"a, ney Co., 42 Court",Real Estate,Boston,"a, ney Co.,",42 Court,,"42 Court, Boston",,
4,"oO. erts, 700 Tremont Temple",Real Estate,Boston,"oO. erts,",700 Tremont Temple,,"700 Tremont Temple, Boston",,
4,"fesite M. Roberts, 79 Milk",Real Estate,Boston,"fesite M. Roberts,",79 Milk,,"79 Milk, Boston",42.356922088235294,-71.05683888235295
4,Raymond Roberts. 780 Tremont,Real Estate,Boston,Raymond Roberts.,780 Tremont,,"780 Tremont, Boston",42.3395170625,-71.08025231250001
4,"A. Arthur Robinson, 101 Tremont",Real Estate,Boston,"A. Arthur Robinson,",101 Tremont,,"101 Tremont, Boston",42.3572206,-71.0610355
4,"Hyman S. Robinson, 102 Brighton",Real Estate,Boston,"Hyman S. Robinson,",102 Brighton,,"102 Brighton, Boston",42.3541569,-71.16263548070515
4,"Rogers Bros., 314 Blue Hill ave.",Real Estate,Boston,"Rogers Bros.,",314 Blue Hill ave.,,"314 Blue Hill ave., Boston",42.3138214,-71.07908055825504
4,"Milton C. Rogers, 420 Tremont building.",Real Estate,Boston,"Milton C. Rogers, 420 Tremont building.",, 420 Tremont building," 420 Tremont building, Boston",,
4,"B. N. Rolland, Dorchester",Real Estate,Boston,"B. N. Rolland, Dorchester",,,,,
4,"8. Rosenbaum, 80 Cou",Real Estate,Boston,,"8. Rosenbaum, 80 Cou",,"8. Rosenbaum, 80 Cou, Boston",,
4,"Albert R. Rosenthal, O86 Old South building",Real Estate,Boston,"Albert R. Rosenthal, O86 Old South building",, O86 Old South building," O86 Old South building, Boston",,
4,"James Mason Rothwell, 107 Mass ave.",Real Estate,Boston,"James Mason Rothwell,",107 Mass ave.,,"107 Mass ave., Boston",42.31662045,-71.08718776809818
4,"R. Boughen, Charlestown",Real Estate,Boston,"R. Boughen, Charlestown",,,,,
4,"Leonard P, ‘Rounds, Dorchester",Real Estate,Boston,"Leonard P, ‘Rounds, Dorchester",,,,,
4,"Frankiin F, Roundy, 104 Ames building",Real Estate,Boston,"Frankiin F, Roundy, 104 Ames building",, 104 Ames building," 104 Ames building, Boston",,
4,"Joseph Rudnick, 43 Tremont",Real Estate,Boston,"Joseph Rudnick,",43 Tremont,,"43 Tremont, Boston",42.35872685192896,-71.05981455423954
4,"Rush  Co., Dorchester",Real Estate,Boston,"Rush  Co., Dorchester",,,,,
4,"Frank A. Russel], 606 Old South building.",Real Estate,Boston,"Frank A. Russel], 606 Old South building.",, 606 Old South building," 606 Old South building, Boston",,
4,"Harry J. Russell, 79 Milk",Real Estate,Boston,"Harry J. Russell,",79 Milk,,"79 Milk, Boston",42.356922088235294,-71.05683888235295
4,"James 8. Russell, 999 Worthington building",Real Estate,Boston,"James 8. Russell, 999 Worthington building",, 999 Worthington building," 999 Worthington building, Boston",,
4,"Leroy P. Ruas ell, 101_ Tremont",Real Estate,Boston,"Leroy P. Ruas ell,",101_ Tremont,,"101_ Tremont, Boston",42.3572206,-71.0610355
4,"R. F. Russell Co, 43 Tremont",Real Estate,Boston,"R. F. Russell Co,",43 Tremont,,"43 Tremont, Boston",42.35872685192896,-71.05981455423954
4,"Ryan Hicks  Co., 28 School",Real Estate,Boston,"Ryan Hicks  Co.,",28 School,,"28 School, Boston",,
4,"F. M. Sagaeod  Co., EB, Boaton",Real Estate,Boston,"F. M. Sagaeod  Co., EB, Boaton",,,,,
4,"St. Mary’s Mineral Land Co., 199 Was",Real Estate,Boston,"St. Mary’s Mineral Land Co.,",199 Was,,"199 Was, Boston",,
4,"Albert Sanford, 819 Exchange building.",Real Estate,Boston,"Albert Sanford, 819 Exchange building.",, 819 Exchange building," 819 Exchange building, Boston",,
4,"Gerald J. Savage, 687 Old South building.",Real Estate,Boston,"Gerald J. Savage, 687 Old South building.",, 687 Old South building," 687 Old South building, Boston",,
4,"Henry W. Savage, 129 Tremont",Real Estate,Boston,"Henry W. Savage,",129 Tremont,,"129 Tremont, Boston",42.3562819,-71.0619936
4,"Henry bg Savage, 7 Pemb. Bq.",Real Estate,Boston,"Henry bg Savage,",7 Pemb. Bq.,,"7 Pemb. Bq., Boston",,
4,"Albert H. Sawyer, 19 Pearl",Real Estate,Boston,"Albert H. Sawyer,",19 Pearl,,"19 Pearl, Boston",,
4,"Chas, N. Sawyer Co., Charlestown",Real Estate,Boston,"Chas, N. Sawyer Co., Charlestown",,,,,
4,"Cc. J. Scheffreen, 1019 Old South building",Real Estate,Boston,"Cc. J. Scheffreen, 1019 Old South building",, 1019 Old South building," 1019 Old South building, Boston",,
4,"Sno  Co., Dorthester",Real Estate,Boston,"Sno  Co., Dorthester",,,,,
4,"Up L. Schuyler, 16 Btate",Real Estate,Boston,"Up L. Schuyler,",16 Btate,,"16 Btate, Boston",,
4,"Max Schwartz, 808 Blue Hill ave.",Real Estate,Boston,"Max Schwartz,",808 Blue Hill ave.,,"808 Blue Hill ave., Boston",42.2970486,-71.08681755364648
4,"Ww. H. Beer  Co., 1 Glenwood Ter.",Real Estate,Boston,"Ww. H. Beer  Co.,",1 Glenwood Ter.,,"1 Glenwood Ter., Boston",,
4,"Joseph 3S. Seabury, 0 Kilby",Real Estate,Boston,Joseph,"3S. Seabury, 0 Kilby",,"3S. Seabury, 0 Kilby, Boston",,
4,"Seaver  Frost, 18 Tremont",Real Estate,Boston,"Seaver  Frost,",18 Tremont,,"18 Tremont, Boston",42.37655895,-71.05890117343729
4,"Securities Real Estate, 101 Tremont",Real Estate,Boston,"Securities Real Estate,",101 Tremont,,"101 Tremont, Boston",42.3572206,-71.0610355
4,"Loula Segel, 3864 Blue ‘HNL ave.",Real Estate,Boston,"Loula Segel,",3864 Blue ‘HNL ave.,,"3864 Blue ‘HNL ave., Boston",,
4,"Morris Seltzer, 340 Blue Hill ave.",Real Estate,Boston,"Morris Seltzer,",340 Blue Hill ave.,,"340 Blue Hill ave., Boston",42.3127187,-71.0798206
5,wBOSTON—Continued.,Real Estate,Boston,wBOSTON—Continued.,,,,,
5,Ira W. Shapira. 30 Court,Real Estate,Boston,Ira W. Shapira.,30 Court,,"30 Court, Boston",,
5,"J. Shapiro, Haat Boston",Real Estate,Boston,"J. Shapiro, Haat Boston",,,,,
5,"Sann  Hastman, W. Roxbury",Real Estate,Boston,"Sann  Hastman, W. Roxbury",,,,,
5,"Bdward Sharp, 837 Old South bls",Real Estate,Boston,"Bdward Sharp,",837 Old South bls,,"837 Old South bls, Boston",,
5,"Wm,  Edwin Sheafe, 153 Milk",Real Estate,Boston,"Wm,  Edwin Sheafe,",153 Milk,,"153 Milk, Boston",42.3577663,-71.0541584
5,Max Shoolman. 18 Tremont,Real Estate,Boston,Max Shoolman.,18 Tremont,,"18 Tremont, Boston",42.37655895,-71.05890117343729
5,"Max Silk, 1 Beacon",Real Estate,Boston,"Max Silk,",1 Beacon,,"1 Beacon, Boston",42.3584577,-71.06083827271257
5,"M. Sliva, 29 Tyler",Real Estate,Boston,"M. Sliva,",29 Tyler,,"29 Tyler, Boston",42.2461318,-71.12493587629399
5,"Bilverman  Shapiro, 28 Hollander",Real Estate,Boston,"Bilverman  Shapiro,",28 Hollander,,"28 Hollander, Boston",42.31569357598279,-71.08983312436536
5,"Sirk, 1626 Washington",Real Estate,Boston,"Sirk,",1626 Washington,,"1626 Washington, Boston",45.5153672,-122.837946
5,"C Hdmund Skerry, 79 Milk",Real Estate,Boston,"C Hdmund Skerry,",79 Milk,,"79 Milk, Boston",42.356922088235294,-71.05683888235295
5,J. H. Skillin 201 Devonshire,Real Estate,Boston,J. H. Skillin,201 Devonshire,,"201 Devonshire, Boston",42.3557372,-71.0574641
5,"John W. Slavin, 143 Federal",Real Estate,Boston,"John W. Slavin,",143 Federal,,"143 Federal, Boston",-34.61421990803847,-58.508656487706475
5,stephen W. Sleeper. 31 Milk,Real Estate,Boston,stephen W. Sleeper.,31 Milk,,"31 Milk, Boston",42.356518550000004,-71.05798809065485
5,ae 1 158 Milk,Real Estate,Boston,ae,1 158 Milk,,"1 158 Milk, Boston",42.351659850000004,-71.05018776624775
5,"8Sma, 153",Real Estate,Boston,,"8Sma, 153",,"8Sma, 153, Boston",,
5,"Be Smith, 14 Ola South building.",Real Estate,Boston,"Be Smith, 14 Ola South building.",, 14 Ola South building," 14 Ola South building, Boston",,
5,"La ee Smith, 178 Devonshire",Real Estate,Boston,"La ee Smith,",178 Devonshire,,"178 Devonshire, Boston",42.35587234289192,-71.05710893123002
5,Fred M. anitn 17 India,Real Estate,Boston,Fred M. anitn,17 India,,"17 India, Boston",,
5,"Geosze B. Smith, 2414 weehingtan",Real Estate,Boston,"Geosze B. Smith,",2414 weehingtan,,"2414 weehingtan, Boston",,
5,M. Smith. 18° Tremon,Real Estate,Boston,M. Smith.,18° Tremon,,"18° Tremon, Boston",,
5,"Servart B. Smith, Forest ‘atts",Real Estate,Boston,"Servart B. Smith, Forest ‘atts",,,,,
5,". O. Smith, Hull",Real Estate,Boston,". O. Smith, Hull",,,,,
5,mith  Co.. 171 W. corneneld,Real Estate,Boston,mith  Co..,171 W. corneneld,,"171 W. corneneld, Boston",,
5,Smith  Sylvester. 17 Milk,Real Estate,Boston,Smith  Sylvester.,17 Milk,,"17 Milk, Boston",42.3567996,-71.0583924
5,"EH Snow. Jr.,  Equitable building.",Real Estate,Boston,"EH Snow. Jr.,  Equitable building.",,  Equitable building,"  Equitable building, Boston",,
5,"Seth J. Snow, 16 State",Real Estate,Boston,"Seth J. Snow,",16 State,,"16 State, Boston",-37.8157151,145.0777572
5,"‘W. H. Solomon, 79 Milk",Real Estate,Boston,"‘W. H. Solomon,",79 Milk,,"79 Milk, Boston",42.356922088235294,-71.05683888235295
5,"Solomont  Sons, 18 Tremont",Real Estate,Boston,"Solomont  Sons,",18 Tremont,,"18 Tremont, Boston",42.37655895,-71.05890117343729
5,"Bamund 8. Sparrow, 43 Tremont",Real Estate,Boston,Bamund,"8. Sparrow, 43 Tremont",,"8. Sparrow, 43 Tremont, Boston",,
5,". 8. Spencer, 30 Court st.",Real Estate,Boston,,"8. Spencer, 30 Court st.",,"8. Spencer, 30 Court st., Boston",,
5,"Albert B, M. Spiller, 18 eee",Real Estate,Boston,"Albert B, M. Spiller,",18 eee,,"18 eee, Boston",,
5,"— R Spanney, 286",Real Estate,Boston,"— R Spanney,",286,,"286, Boston",-34.757795,-58.373288714285714
5,"Sprague, 27 Steto ~",Real Estate,Boston,"Sprague,",27 Steto ~,,"27 Steto ~, Boston",,
5,"Boringtota, Mnas., Real Eatate",Real Estate,Boston,"Boringtota, Mnas., Real Eatate",,,,,
5,"Squire — Batate Trust, 18 Centrnl",Real Estate,Boston,"Squire — Batate Trust,",18 Centrnl,,"18 Centrnl, Boston",,
5,"J. eevee, Winter Hill",Real Estate,Boston,"J. eevee, Winter Hill",,,,,
5,"Ww. W.  Stell, 7 Wat",Real Estate,Boston,"Ww. W.  Stell,",7 Wat,,"7 Wat, Boston",,
5,Frederick J. Stark. 1161 Old South wile,Real Estate,Boston,Frederick J. Stark.,1161 Old South wile,,"1161 Old South wile, Boston",,
5,Stee re  Rankin. 828 Old South building,Real Estate,Boston,Stee re  Rankin. 828 Old South building,, 828 Old South building," 828 Old South building, Boston",,
5,coer  Courtnei. 28 Old South building,Real Estate,Boston,coer  Courtnei. 28 Old South building,, 28 Old South building," 28 Old South building, Boston",,
5,"David Stern, 28 State",Real Estate,Boston,"David Stern,",28 State,,"28 State, Boston",42.0671435,-73.5291416
5,"Bernard Sheuree, ‘Atiaton",Real Estate,Boston,"Bernard Sheuree, ‘Atiaton",,,,,
5,"Susan FE. Stevens  Co., 100 Bylstn",Real Estate,Boston,"Susan FE. Stevens  Co.,",100 Bylstn,,"100 Bylstn, Boston",,
5,"James BH. Stokes, 18 Tremont",Real Estate,Boston,"James BH. Stokes,",18 Tremont,,"18 Tremont, Boston",42.37655895,-71.05890117343729
5,"John G. Storer, 16 State",Real Estate,Boston,"John G. Storer,",16 State,,"16 State, Boston",-37.8157151,145.0777572
5,"EB. A. Strout Farm Apency, 294 Wash",Real Estate,Boston,"EB. A. Strout Farm Apency,",294 Wash,,"294 Wash, Boston",,
5,Sub Realty Co.. 31 Milk,Real Estate,Boston,Sub Realty Co..,31 Milk,,"31 Milk, Boston",42.356518550000004,-71.05798809065485
5,Buburban Land Co.. 884 Old South building,Real Estate,Boston,Buburban Land Co.. 884 Old South building,, 884 Old South building," 884 Old South building, Boston",,
5,"John H. Sullivan, 15 Court Sounre",Real Estate,Boston,"John H. Sullivan,",15 Court Sounre,,"15 Court Sounre, Boston",,
5,Swithin  Merril. 428 Old oie building,Real Estate,Boston,Swithin  Merril. 428 Old oie building,, 428 Old oie building," 428 Old oie building, Boston",,
5,"Arthur Hw Taber  Coffin, 24 Milk",Real Estate,Boston,"Arthur Hw Taber  Coffin,",24 Milk,,"24 Milk, Boston",42.35686388888889,-71.05781888888889
5,"aft  Waite, Allaton",Real Estate,Boston,"aft  Waite, Allaton",,,,,
5,"diey Talbot, 438 Old foun blag.",Real Estate,Boston,"diey Talbot,",438 Old foun blag.,,"438 Old foun blag., Boston",,
5,"John F, Teevan, 67 Leno",Real Estate,Boston,"John F, Teevan,",67 Leno,,"67 Leno, Boston",,
5,Terminal Real Estate Cou. 110 Dud.,Real Estate,Boston,Terminal Real Estate Cou.,110 Dud.,,"110 Dud., Boston",,
5,. B Thomas. 60 Congress,Real Estate,Boston,. B Thomas.,60 Congress,,"60 Congress, Boston",42.35771165217391,-71.0563067826087
5,"GQ Tobey La Co., 783 Tremont",Real Estate,Boston,"GQ Tobey La Co.,",783 Tremont,,"783 Tremont, Boston",42.33923595,-71.08088343036823
5,wns  Torrey. 8 Beacon,Real Estate,Boston,wns  Torrey.,8 Beacon,,"8 Beacon, Boston",42.3581715,-71.06171720177726
5,"Totten  Clark, Dorchester",Real Estate,Boston,"Totten  Clark, Dorchester",,,,,
5,"Bent. C. Tower. 86 ,Congress",Real Estate,Boston,Bent. C. Tower.,"86 ,Congress",,"86 ,Congress, Boston",42.35768452173913,-71.05628982608695
5,"L. D, Towle. 16 State",Real Estate,Boston,"L. D, Towle.",16 State,,"16 State, Boston",-37.8157151,145.0777572
5,zz Blmer Townsend. 82 Devonshire,Real Estate,Boston,zz Blmer Townsend.,82 Devonshire,,"82 Devonshire, Boston",42.35785694376956,-71.05718227783913
5,"Train  Jennison, 1112 Tremont building.",Real Estate,Boston,"Train  Jennison, 1112 Tremont building.",, 1112 Tremont building," 1112 Tremont building, Boston",,
5,"Tremont Resa Est. Co., 698 Tremom",Real Estate,Boston,"Tremont Resa Est. Co.,",698 Tremom,,"698 Tremom, Boston",,
5,"Arthur Realty Inv. Co., 2414 Washington",Real Estate,Boston,"Arthur Realty Inv. Co.,",2414 Washington,,"2414 Washington, Boston",45.5153672,-122.837946
5,"ur  Tucker, 60 State",Real Estate,Boston,"ur  Tucker,",60 State,,"60 State, Boston",,
5,Tucker. 15 State,Real Estate,Boston,Tucker.,15 State,,"15 State, Boston",,
5,Walter H._Turner. 106 Tremont,Real Estate,Boston,Walter H._Turner.,106 Tremont,,"106 Tremont, Boston",42.35073075,-71.17309315466747
5,"Tuttle  Lucet, Dorchester",Real Estate,Boston,"Tuttle  Lucet, Dorchester",,,,,
5,". Tyler, 24 Milk",Real Estate,Boston,". Tyler,",24 Milk,,"24 Milk, Boston",42.35686388888889,-71.05781888888889
5,"Beet crt Poaces , ndervw",Real Estate,Boston,"Beet crt Poaces , ndervw",,,,,
5,"Frede ris HF. Vieux. 631 ‘oxch, building.",Real Estate,Boston,"Frede ris HF. Vieux. 631 ‘oxch, building.",, building," building, Boston",,
5,qlee  Smith. 11 Pemberton Square,Real Estate,Boston,qlee  Smith.,11 Pemberton Square,,"11 Pemberton Square, Boston",42.3595418,-71.0606066
5,"LW. Vina, Dorcheater",Real Estate,Boston,"LW. Vina, Dorcheater",,,,,
5,Haw F. Walker. 60 State,Real Estate,Boston,Haw F. Walker.,60 State,,"60 State, Boston",,
5,"Jes. F. Walah ab, ib stad ae Badawy, S. Bor",Real Estate,Boston,"Jes. F. Walah ab, ib stad ae Badawy, S. Bor",,,,,
5,"nm M. Walsh, 15 Sta",Real Estate,Boston,"nm M. Walsh,",15 Sta,,"15 Sta, Boston",,
5,ee  Waleh. Char fatren,Real Estate,Boston,ee  Waleh. Char fatren,,,,,
5,"Geo, A. Ward, 413 John Hancock building.",Real Estate,Boston,"Geo, A. Ward, 413 John Hancock building.",, 413 John Hancock building," 413 John Hancock building, Boston",,
5,Nahum Ward. Dorchester,Real Estate,Boston,Nahum Ward. Dorchester,,,,,
5,"Norman W. Ware, 1125 Washington",Real Estate,Boston,"Norman W. Ware,",1125 Washington,,"1125 Washington, Boston",45.5153672,-122.837946
5,"Samuel S. Ware, 494 Shawmut ave.",Real Estate,Boston,"Samuel S. Ware,",494 Shawmut ave.,,"494 Shawmut ave., Boston",42.33810900889009,-71.07707538145742
5,Charles _H. Warren. Dorchester,Real Estate,Boston,Charles _H. Warren. Dorchester,,,,,
5,E M. Warren Realty Co.. 1 Beacon,Real Estate,Boston,E M. Warren Realty Co..,1 Beacon,,"1 Beacon, Boston",42.3584577,-71.06083827271257
5,"G. Washburn, 68 Pemberton Square",Real Estate,Boston,"G. Washburn,",68 Pemberton Square,,"68 Pemberton Square, Boston",42.3595418,-71.0606066
5,"Wau Bros., Jamaica",Real Estate,Boston,"Wau Bros., Jamaica",,,,,
5,"C. Granville Way, 830 Washington",Real Estate,Boston,"C. Granville Way,",830 Washington,,"830 Washington, Boston",45.5153672,-122.837946
5,Harold K. Wead. 85 Congress,Real Estate,Boston,Harold K. Wead.,85 Congress,,"85 Congress, Boston",42.357685565217395,-71.05629047826086
5,Walter Webb. 8 Berkeley,Real Estate,Boston,Walter Webb.,8 Berkeley,,"8 Berkeley, Boston",42.34465008823529,-71.06781714705883
5,"W. B. P. Weeks, 8 Congress",Real Estate,Boston,"W. B. P. Weeks,",8 Congress,,"8 Congress, Boston",42.3602979,-71.0575328
5,Joseph  Louls Weinberg. 9 Combes,Real Estate,Boston,Joseph  Louls Weinberg.,9 Combes,,"9 Combes, Boston",,
5,"W. Marriott Welch, 112 Water",Real Estate,Boston,"W. Marriott Welch,",112 Water,,"112 Water, Boston",8.4865544,-13.2370072
5,Weld. 81 Mason building.,Real Estate,Boston,Weld. 81 Mason building.,, 81 Mason building," 81 Mason building, Boston",,
5,"A. Spaulding Weld, 76 Federal",Real Estate,Boston,"A. Spaulding Weld,",76 Federal,,"76 Federal, Boston",,
5,"G. B.  B. E. Welles, 236 Hunt ave",Real Estate,Boston,"G. B.  B. E. Welles,",236 Hunt ave,,"236 Hunt ave, Boston",,
5,"J. Martin Wells, 16 Elliot Square",Real Estate,Boston,"J. Martin Wells,",16 Elliot Square,,"16 Elliot Square, Boston",,
5,"P. W. Wells  Co., 6 Bencon",Real Estate,Boston,"P. W. Wells  Co.,",6 Bencon,,"6 Bencon, Boston",,
5,"Walter Welsh, Enst Boston",Real Estate,Boston,"Walter Welsh, Enst Boston",,,,,
5,"Willard Welsh, 16 Exchange",Real Estate,Boston,"Willard Welsh,",16 Exchange,,"16 Exchange, Boston",,
5,"Geo. F._ Wentworth, 18 Tremont",Real Estate,Boston,"Geo. F._ Wentworth,",18 Tremont,,"18 Tremont, Boston",42.37655895,-71.05890117343729
5,Harry F. West. 100 Worcester,Real Estate,Boston,Harry F. West.,100 Worcester,,"100 Worcester, Boston",42.341029,-71.079886
5,"Wetherbeo  Clark, 11 Pemberton Sy",Real Estate,Boston,"Wetherbeo  Clark,",11 Pemberton Sy,,"11 Pemberton Sy, Boston",,
5,"Harry B. Whall, 443 Tremont building.",Real Estate,Boston,"Harry B. Whall, 443 Tremont building.",, 443 Tremont building," 443 Tremont building, Boston",,
5,Herbert E. Whent. 294 Washington,Real Estate,Boston,Herbert E. Whent.,294 Washington,,"294 Washington, Boston",45.5153672,-122.837946
5,"George Wheatland, 18 Tremont",Real Estate,Boston,"George Wheatland,",18 Tremont,,"18 Tremont, Boston",42.37655895,-71.05890117343729
5,"Merton Hayes Wheelock, OAS Trmt »b",Real Estate,Boston,"Merton Hayes Wheelock, OAS Trmt »b",,,,,
5,J. W. Whitcher. 7 Wate,Real Estate,Boston,J. W. Whitcher.,7 Wate,,"7 Wate, Boston",,
5,"Whitcomb, Webb  Co. 46 Stale",Real Estate,Boston,"Whitcomb, Webb  Co.",46 Stale,,"46 Stale, Boston",,
5,"Whitcomb  Co., 16 State",Real Estate,Boston,"Whitcomb  Co.,",16 State,,"16 State, Boston",-37.8157151,145.0777572
5,"Ellerton P. Whitney, 60 Devonshire",Real Estate,Boston,"Ellerton P. Whitney,",60 Devonshire,,"60 Devonshire, Boston",42.35807987731419,-71.05716579717193
5,"S. D. Whittemore, 101 Tremont",Real Estate,Boston,"S. D. Whittemore,",101 Tremont,,"101 Tremont, Boston",42.3572206,-71.0610355
5,Albert R. Whittier. 16 Exchange,Real Estate,Boston,Albert R. Whittier.,16 Exchange,,"16 Exchange, Boston",,
5,Alvin W. Whittler. 16 State,Real Estate,Boston,Alvin W. Whittler.,16 State,,"16 State, Boston",-37.8157151,145.0777572
5,Cc. W. Whittler  Bro.. 66 Congr ss,Real Estate,Boston,Cc. W. Whittler  Bro..,66 Congr ss,,"66 Congr ss, Boston",,
5,"Edward _H. Wiggin, 60 State",Real Estate,Boston,"Edward _H. Wiggin,",60 State,,"60 State, Boston",,
5,"Jacob W. Wilbur, 89 State",Real Estate,Boston,"Jacob W. Wilbur,",89 State,,"89 State, Boston",,
5,"Samuel J. Wilde, Jamaica",Real Estate,Boston,"Samuel J. Wilde, Jamaica",,,,,
5,"L. Willeutt  Co., 28 Cumberland",Real Estate,Boston,"L. Willeutt  Co.,",28 Cumberland,,"28 Cumberland, Boston",,
5,"I. E. Willtams  Co., 40 Ames building.",Real Estate,Boston,"I. E. Willtams  Co., 40 Ames building.",, 40 Ames building," 40 Ames building, Boston",,
5,Willams  Bangs. 18 Tremont,Real Estate,Boston,Willams  Bangs.,18 Tremont,,"18 Tremont, Boston",42.37655895,-71.05890117343729
5,"Willlams  Co, 224 Old South building.",Real Estate,Boston,"Willlams  Co, 224 Old South building.",, 224 Old South building," 224 Old South building, Boston",,
5,Willlams  Dowd. 16 State,Real Estate,Boston,Willlams  Dowd.,16 State,,"16 State, Boston",-37.8157151,145.0777572
5,"J. D. K. Willfs  Co., 50 State",Real Estate,Boston,"J. D. K. Willfs  Co.,",50 State,,"50 State, Boston",,
5,"Winslow A. Wilson, Dorchester",Real Estate,Boston,"Winslow A. Wilson, Dorchester",,,,,
5,"Charlies G. Winslow, 28 Stute",Real Estate,Boston,"Charlies G. Winslow,",28 Stute,,"28 Stute, Boston",,
5,H. F. Winslow. 38 Broad,Real Estate,Boston,H. F. Winslow.,38 Broad,,"38 Broad, Boston",,
5,"E. 8 Wolfe, 63 Tremont",Real Estate,Boston,E.,"8 Wolfe, 63 Tremont",,"8 Wolfe, 63 Tremont, Boston",,
5,"Clarence B. Wood, 82 Devonshire",Real Estate,Boston,"Clarence B. Wood,",82 Devonshire,,"82 Devonshire, Boston",42.35785694376956,-71.05718227783913
5,"Geo. O Wood, 31 Milk",Real Estate,Boston,"Geo. O Wood,",31 Milk,,"31 Milk, Boston",42.356518550000004,-71.05798809065485
5,Wood. Harmon  Co.. 13 School,Real Estate,Boston,Wood. Harmon  Co..,13 School,,"13 School, Boston",,
5,"FRER’EK 0. WOODRUFF  CO., 60 Rs",Real Estate,Boston,FRER’EK,"0. WOODRUFF  CO., 60 Rs",,"0. WOODRUFF  CO., 60 Rs, Boston",,
5,,Real Estate,Boston,,,,,,
5,"Geo. Adams Woods, 15 State",Real Estate,Boston,"Geo. Adams Woods,",15 State,,"15 State, Boston",,
5,Elijah B. Woodworth. 2 Court,Real Estate,Boston,Elijah B. Woodworth.,2 Court,,"2 Court, Boston",42.3081854,-71.08602870394381
5,"George Wyner, 18 Tremont",Real Estate,Boston,"George Wyner,",18 Tremont,,"18 Tremont, Boston",42.37655895,-71.05890117343729
5,"Max E_ Chas. BE. Wvzanskl, 18 Trer",Real Estate,Boston,"Max E_ Chas. BE. Wvzanskl,",18 Trer,,"18 Trer, Boston",,
5,J. R. Yendly. 1150 Col. ave,Real Estate,Boston,J. R. Yendly.,1150 Col. ave,,"1150 Col. ave, Boston",,
5,"David A. Yulll  Co., 27 School",Real Estate,Boston,"David A. Yulll  Co.,",27 School,,"27 School, Boston",,
5,"Zenicon Real Est. Co., 324 Riue Hilla",Real Estate,Boston,"Zenicon Real Est. Co.,",324 Riue Hilla,,"324 Riue Hilla, Boston",,
