Company Name or Owners's Name,City,Company type,building,address,full_address
"DAVID G. HASKINS, JR.",Boston,Attorney:,,10 Tremont st.,"10 Tremont st., Boston, Massachusetts, USA"
BROWN-WALKER-SIMMONS CO.,Boston,Real Estate:,John Hancock bldg.,,"John Hancock bldg., Boston, Massachusetts, USA"
ELLSWORTH & JONES,Boston,Real Estate:,John Hancock bldg.,,"John Hancock bldg., Boston, Massachusetts, USA"
A. O. NORTON,Boston,Real Estate:,,286 Congress st.,"286 Congress st., Boston, Massachusetts, USA"
FREDK 0. WOODRUFF & CO.,Boston,Real Estate:,,80 State st.,"80 State st., Boston, Massachusetts, USA"
Geo. H. Abbott & Co.,Boston,Real Estate:,,209 Washington,"209 Washington, Boston, Massachusetts, USA"
Howard K. Abbott,Boston,Real Estate:,,86 Warren,"86 Warren, Boston, Massachusetts, USA"
L. B. Abbott,Boston,Real Estate:,,17 Valentine,"17 Valentine, Boston, Massachusetts, USA"
Adams Real Estate Trust,Boston,Real Estate:,,84 State,"84 State, Boston, Massachusetts, USA"
A. Adelman & Co.,Boston,Real Estate:,1030 Old So. b'dg.,,"1030 Old So. b'dg., Boston, Massachusetts, USA"
R. H. Allen,Boston,Real Estate:,,27 State,"27 State, Boston, Massachusetts, USA"
Wm.. H. Allen,Boston,Real Estate:,,67 Chauncy,"67 Chauncy, Boston, Massachusetts, USA"
Alford Bros. & Co.,Boston,Real Estate:,,79 Milk,"79 Milk, Boston, Massachusetts, USA"
Am. Real Estate Co.,Boston,Real Estate:,,6 Beacon,"6 Beacon, Boston, Massachusetts, USA"
Amico & Caruso,Boston,Real Estate:,,84 Porter,"84 Porter, Boston, Massachusetts, USA"
J. Edward Anderson,Boston,Real Estate:,,19 Milk,"19 Milk, Boston, Massachusetts, USA"
R. F. Andrews & Co.,Boston,Real Estate:,,2343 Washington,"2343 Washington, Boston, Massachusetts, USA"
C. W. Angell & Co.,Boston,Real Estate:,,489 Blue Hill ave.,"489 Blue Hill ave., Boston, Massachusetts, USA"
Wm. J. Anglim,Boston,Real Estate:,John Hancock bldg.,,"John Hancock bldg., Boston, Massachusetts, USA"
Frank Anthony,Boston,Real Estate:,,Dorchester,"Dorchester, Boston, Massachusetts, USA"
Geo. C. Appleton & Son,Boston,Real Estate:,Worthing-,,"Worthing-, Boston, Massachusetts, USA"
John V. Apthorp,Boston,Real Estate:,Tremont Tem.,,"Tremont Tem., Boston, Massachusetts, USA"
Philip 8. Aronson,Boston,Real Estate:,,27 School,"27 School, Boston, Massachusetts, USA"
William Arthur,Boston,Real Estate:,,58 Falmouth,"58 Falmouth, Boston, Massachusetts, USA"
Aspinwall & Codman,Boston,Real Estate:,,50 Congress,"50 Congress, Boston, Massachusetts, USA"
"Atwood, Pattee & Potter",Boston,Real Estate:,,27 School,"27 School, Boston, Massachusetts, USA"
Atwood & Everett,Boston,Real Estate:,,42 Dartmouth,"42 Dartmouth, Boston, Massachusetts, USA"
W. G. Aylsworth,Boston,Real Estate:,,Allston,"Allston, Boston, Massachusetts, USA"
George W. P. Babb,Boston,Real Estate:,,Roslindale,"Roslindale, Boston, Massachusetts, USA"
Bk Bay Real Estate Co.,Boston,Real Estate:,,206 Mass. ave.,"206 Mass. ave., Boston, Massachusetts, USA"
"Benj. F. Badger, Jr.",Boston,Real Estate:,Tremont bldg,,"Tremont bldg, Boston, Massachusetts, USA"
Bagley & Cline,Boston,Real Estate:,,East Boston,"East Boston, Boston, Massachusetts, USA"
Herman W. Bailey,Boston,Real Estate:,,3 Irvington,"3 Irvington, Boston, Massachusetts, USA"
Edward F. Baker,Boston,Real Estate:,,8 Beacon,"8 Beacon, Boston, Massachusetts, USA"
"Watson F. Baker, Jr.",Boston,Real Estate:,,60 State,"60 State, Boston, Massachusetts, USA"
Joseph Balch,Boston,Real Estate:,,53 State,"53 State, Boston, Massachusetts, USA"
Dwight Baldwin,Boston,Real Estate:,,Allston,"Allston, Boston, Massachusetts, USA"
Wm. F. Baldwin,Boston,Real Estate:,Ames bldg.,,"Ames bldg., Boston, Massachusetts, USA"
Bamfard & Tyler,Boston,Real Estate:,,24 Milk,"24 Milk, Boston, Massachusetts, USA"
L. S. & H. Barker,Boston,Real Estate:,,Dorchester,"Dorchester, Boston, Massachusetts, USA"
Samuel Barnard,Boston,Real Estate:,,183 Summer,"183 Summer, Boston, Massachusetts, USA"
C. F. Barnes,Boston,Real Estate:,,2584 Washington,"2584 Washington, Boston, Massachusetts, USA"
Edward F. Carnes,Boston,Real Estate:,Worthington bld.,,"Worthington bld., Boston, Massachusetts, USA"
Wilfred Barnes,Boston,Real Estate:,Exchange bldg.,,"Exchange bldg., Boston, Massachusetts, USA"
William E. Barnes,Boston,Real Estate:,,Atlantic,"Atlantic, Boston, Massachusetts, USA"
James Barrett,Boston,Real Estate:,,643A Warren,"643A Warren, Boston, Massachusetts, USA"
G. B. Barron & Dempsey,Boston,Real Estate:,,679. Tremont,"679. Tremont, Boston, Massachusetts, USA"
R. S. Barrows,Boston,Real Estate:,,262 Washington,"262 Washington, Boston, Massachusetts, USA"
Wm. E. Bartlett,Boston,Real Estate:,,389 Broadway,"389 Broadway, Boston, Massachusetts, USA"
Max Baruch,Boston,Real Estate:,,190 North,"190 North, Boston, Massachusetts, USA"
Gardner Bates,Boston,Real Estate:,,Charlestown,"Charlestown, Boston, Massachusetts, USA"
Mrs. L. B. Battle,Boston,Real Estate:,,10 Piedmont,"10 Piedmont, Boston, Massachusetts, USA"
"Horace W. Baxter, Jr.",Boston,Real Estate:,,28 Chambers,"28 Chambers, Boston, Massachusetts, USA"
Bay State Land Co.,Boston,Real Estate:,,16 Exchange,"16 Exchange, Boston, Massachusetts, USA"
William A. L. Bazeley,Boston,Real Estate:,,53 State,"53 State, Boston, Massachusetts, USA"
A. B. Beal,Boston,Real Estate:,,43 Tremont,"43 Tremont, Boston, Massachusetts, USA"
Gardner Beals,Boston,Real Estate:,,16 State,"16 State, Boston, Massachusetts, USA"
Geo. C. Beals,Boston,Real Estate:,,27 State,"27 State, Boston, Massachusetts, USA"
John L. Behneke,Boston,Real Estate:,Worthington bldg,,"Worthington bldg, Boston, Massachusetts, USA"
F. Eugene Belden,Boston,Real Estate:,,101 Tremont,"101 Tremont, Boston, Massachusetts, USA"
James F. Bell,Boston,Real Estate:,,47 Court,"47 Court, Boston, Massachusetts, USA"
Henry D. Bennett,Boston,Real Estate:,,85 Water,"85 Water, Boston, Massachusetts, USA"
E. C. Benson,Boston,Real Estate:,,Jamaica,"Jamaica, Boston, Massachusetts, USA"
Joseph L. Bergman,Boston,Real Estate:,,27 School,"27 School, Boston, Massachusetts, USA"
P. Bernstein,Boston,Real Estate:,Old South bldg.,,"Old South bldg., Boston, Massachusetts, USA"
Wm. Berwin,Boston,Real Estate:,Old South bldg.,,"Old South bldg., Boston, Massachusetts, USA"
H. J. Besarick,Boston,Real Estate:,,414 Old South bldg.,"414 Old South bldg., Boston, Massachusetts, USA"
Bethel Beach Co.,Boston,Real Estate:,,Germantown,"Germantown, Boston, Massachusetts, USA"
"Prescott Bigelow, Jr.",Boston,Real Estate:,,70 Kilby,"70 Kilby, Boston, Massachusetts, USA"
Joseph J. Billington,Boston,Real Estate:,,56 Warren,"56 Warren, Boston, Massachusetts, USA"
8. Biloski,Boston,Real Estate:,Old South bldg.,,"Old South bldg., Boston, Massachusetts, USA"
Geo. P. Bingham Co.,Boston,Real Estate:,,60 State,"60 State, Boston, Massachusetts, USA"
Amos Binney,Boston,Real Estate:,Exchange bldg.,,"Exchange bldg., Boston, Massachusetts, USA"
Mrs. Е. Н. Bishop,Boston,Real Estate:,,276 Tremont,"276 Tremont, Boston, Massachusetts, USA"
Edward F. Blake & Co.,Boston,Real Estate:,,Dorchester,"Dorchester, Boston, Massachusetts, USA"
Robert Parkman Bake,Boston,Real Estate:,,50 Congress,"50 Congress, Boston, Massachusetts, USA"
Blake & Loud,Boston,Real Estate:,,75 State,"75 State, Boston, Massachusetts, USA"
Wm. B. Blakemore,Boston,Real Estate:,,141 Milk,"141 Milk, Boston, Massachusetts, USA"
L. W. Blanchard,Boston,Real Estate:,,218A Highland ave.,"218A Highland ave., Boston, Massachusetts, USA"
Frank H. Blaney,Boston,Real Estate:,,East Boston,"East Boston, Boston, Massachusetts, USA"
Robert M. Bleakle,Boston,Real Estate:,,15 State,"15 State, Boston, Massachusetts, USA"
Reginald Boardman,Boston,Real Estate:,Ames bldg.,,"Ames bldg., Boston, Massachusetts, USA"
Richard De B. Boardman,Boston,Real Estate:,Ames bldg.,,"Ames bldg., Boston, Massachusetts, USA"
T. Dennie Boardman,Boston,Real Estate:,Ames bldg.,,"Ames bldg., Boston, Massachusetts, USA"
Bonelli-Adams Co.,Boston,Real Estate:,,60 State,"60 State, Boston, Massachusetts, USA"
"L. H. Bonelli, Jr.",Boston,Real Estate:,,60 State,"60 State, Boston, Massachusetts, USA"
A. E. Bonney,Boston,Real Estate:,,101 Tremont,"101 Tremont, Boston, Massachusetts, USA"
Simon Bornbum,Boston,Real Estate:,,43 Tremont,"43 Tremont, Boston, Massachusetts, USA"
Boston Lowell Rlty Co.,Boston,Real Estate:,Old So. bld.,,"Old So. bld., Boston, Massachusetts, USA"
Boston Real Estate Co.,Boston,Real Estate:,,6 Beacon,"6 Beacon, Boston, Massachusetts, USA"
Henry E. Bothfeld,Boston,Real Estate:,,101 Tremont,"101 Tremont, Boston, Massachusetts, USA"
Henry J. Bowen,Boston,Real Estate:,,469 W. Broadway,"469 W. Broadway, Boston, Massachusetts, USA"
Edward J. Boyle & Co.,Boston,Real Estate:,,4 Province Ct.,"4 Province Ct., Boston, Massachusetts, USA"
H. N. Brackett,Boston,Real Estate:,,399 Warren,"399 Warren, Boston, Massachusetts, USA"
John S. Bradbury,Boston,Real Estate:,Old South bldg.,,"Old South bldg., Boston, Massachusetts, USA"
Bradley & Tyson,Boston,Real Estate:,,60 State,"60 State, Boston, Massachusetts, USA"
Breck's Real Estate Agcy.,Boston,Real Estate:,,51. N. Market,"51. N. Market, Boston, Massachusetts, USA"
James H. Breman,Boston,Real Estate:,,31 State,"31 State, Boston, Massachusetts, USA"
J. F. F. Brewster,Boston,Real Estate:,,28 State,"28 State, Boston, Massachusetts, USA"
Edmund Bridge,Boston,Real Estate:,,209 Washington,"209 Washington, Boston, Massachusetts, USA"
J. F. Briggs,Boston,Real Estate:,,114 State,"114 State, Boston, Massachusetts, USA"
R. L. & G. L. Briggs,Boston,Real Estate:,,15 School,"15 School, Boston, Massachusetts, USA"
John W. Brittan,Boston,Real Estate:,,101 Tremont,"101 Tremont, Boston, Massachusetts, USA"
Samuel Broadbent,Boston,Real Estate:,,53 State,"53 State, Boston, Massachusetts, USA"
John M. Brooks,Boston,Real Estate:,,58 State,"58 State, Boston, Massachusetts, USA"
Walter D. Brooke,Boston,Real Estate:,,50 Congress,"50 Congress, Boston, Massachusetts, USA"
Campbell & Cabot,Boston,Real Estate:,,83 Water,"83 Water, Boston, Massachusetts, USA"
Carberry & Thomas,Boston,Real Estate:,,43 Tremont,"43 Tremont, Boston, Massachusetts, USA"
Anthony D. Carbone,Boston,Real Estate:,,S. Boston,"S. Boston, Boston, Massachusetts, USA"
C. E. Carlson,Boston,Real Estate:,Tremont Temple,701,
Frank A. Carnes & Co.,Boston,Real Estate:,,654 Old So. blu,"654 Old So. blu, Boston, Massachusetts, USA"
Geo. W. Carnes,Boston,Real Estate:,,28 School,"28 School, Boston, Massachusetts, USA"
James Carr,Boston,Real Estate:,,Jamaica,"Jamaica, Boston, Massachusetts, USA"
J. H. Carr,Boston,Real Estate:,,840 Dorchester ave.,"840 Dorchester ave., Boston, Massachusetts, USA"
Carter & Peabody,Boston,Real Estate:,Tremont bldg.,749,
R. L. Casey,Boston,Real Estate:,,27 School,"27 School, Boston, Massachusetts, USA"
Edward F. Cassell,Boston,Real Estate:,,18 Tremont,"18 Tremont, Boston, Massachusetts, USA"
H. E Chamberlain,Boston,Real Estate:,,85 Congress,"85 Congress, Boston, Massachusetts, USA"
"Walter Channing, Jr.",Boston,Real Estate:,,60 Congress,"60 Congress, Boston, Massachusetts, USA"
"A, B, H. Chapin",Boston,Real Estate:,,31 State,"31 State, Boston, Massachusetts, USA"
Geo. H. Chapin,Boston,Real Estate:,,294 Washington,"294 Washington, Boston, Massachusetts, USA"
Dan'l J. Chapman,Boston,Real Estate:,,615 Dorchester ave,"615 Dorchester ave, Boston, Massachusetts, USA"
George Cherry,Boston,Real Estate:,,Mt. Hope,"Mt. Hope, Boston, Massachusetts, USA"
City & Suburban Rl Est Co.,Boston,Real Estate:,Trmi,101,
Chas. W. Claggett,Boston,Real Estate:,,7 Water,"7 Water, Boston, Massachusetts, USA"
Francis Clare,Boston,Real Estate:,,18 Tremont,"18 Tremont, Boston, Massachusetts, USA"
Herbert Clark,Boston,Real Estate:,State Mut. bldg,730,
Robert J. Clark,Boston,Real Estate:,,101 Tremont,"101 Tremont, Boston, Massachusetts, USA"
Seth C. Clark,Boston,Real Estate:,,50 State,"50 State, Boston, Massachusetts, USA"
Henry Martyn Clarke,Boston,Real Estate:,,60 State,"60 State, Boston, Massachusetts, USA"
John Chandler Cobb,Boston,Real Estate:,,60 State,"60 State, Boston, Massachusetts, USA"
B. F. Cobleigh & Co.,Boston,Real Estate:,,Roslindalı,"Roslindalı, Boston, Massachusetts, USA"
Richard E. Cochran,Boston,Real Estate:,,Forest Hills,"Forest Hills, Boston, Massachusetts, USA"
Wm. David Cochrane,Boston,Real Estate:,,53 State,"53 State, Boston, Massachusetts, USA"
Codman & Street,Boston,Real Estate:,,15 State,"15 State, Boston, Massachusetts, USA"
Charles S. Coffin,Boston,Real Estate:,,Dorchester,"Dorchester, Boston, Massachusetts, USA"
Coffin & Taber,Boston,Real Estate:,,24 Milk,"24 Milk, Boston, Massachusetts, USA"
Wm. H. Colcord,Boston,Real Estate:,,60 State,"60 State, Boston, Massachusetts, USA"
Geo. A. Cole,Boston,Real Estate:,,50 Congress,"50 Congress, Boston, Massachusetts, USA"
Coleman & Gilbert,Boston,Real Estate:,,819 Huntn. ave.,"819 Huntn. ave., Boston, Massachusetts, USA"
Henry F. Coles,Boston,Real Estate:,,Devonshire,"Devonshire, Boston, Massachusetts, USA"
A. D. Collins,Boston,Real Estate:,,84 School,"84 School, Boston, Massachusetts, USA"
Colonial Real Estate Co.,Boston,Real Estate:,,Dorchester,"Dorchester, Boston, Massachusetts, USA"
Commonwealth Realty Co.,Boston,Real Estate:,,58 State,"58 State, Boston, Massachusetts, USA"
Charles M. Conane,Boston,Real Estate:,Old South bldg.,640,
Edward D. Conant,Boston,Real Estate:,,4 P. O. Square,"4 P. O. Square, Boston, Massachusetts, USA"
Thos. Condon,Boston,Real Estate:,,W. Roxbury,"W. Roxbury, Boston, Massachusetts, USA"
Joseph Congdon,Boston,Real Estate:,Old South bldg.,880,
Harrison W. Conner,Boston,Real Estate:,,294 Washington,"294 Washington, Boston, Massachusetts, USA"
H. H. J. Connington,Boston,Real Estate:,,40 State,"40 State, Boston, Massachusetts, USA"
B. J. Connolly,Boston,Real Estate:,,18 Tremont,"18 Tremont, Boston, Massachusetts, USA"
Charles E. Cotting,Boston,Real Estate:,Barstrs. Hall,809,
Estate of Frank B. Cotton,Boston,Real Estate:,,131 State,"131 State, Boston, Massachusetts, USA"
Frank W. Coughlin,Boston,Real Estate:,,294 Washington,"294 Washington, Boston, Massachusetts, USA"
Joseph Cowan,Boston,Real Estate:,,200 Washington,"200 Washington, Boston, Massachusetts, USA"
S. M. Cox,Boston,Real Estate:,Old South bldg.,425,
Thomas H. Cox,Boston,Real Estate:,,714 Shawmut ave.,"714 Shawmut ave., Boston, Massachusetts, USA"
Crawford Real Estate Co.,Boston,Real Estate:,,Dorchester,"Dorchester, Boston, Massachusetts, USA"
Credle's Real Est. Combination,Boston,Real Estate:,,692 Shawmut ave.,"692 Shawmut ave., Boston, Massachusetts, USA"
David W. Creed,Boston,Real Estate:,,205 Dorchester,"205 Dorchester, Boston, Massachusetts, USA"
Daniel J. Cronin,Boston,Real Estate:,,15 State,"15 State, Boston, Massachusetts, USA"
J. A. Cronin & Co.,Boston,Real Estate:,,126 Masa. ave.,"126 Masa. ave., Boston, Massachusetts, USA"
Cronin & Schuyler,Boston,Real Estate:,,15 State,"15 State, Boston, Massachusetts, USA"
Horace S. Crowell,Boston,Real Estate:,,60 State,"60 State, Boston, Massachusetts, USA"
James J. Crowley,Boston,Real Estate:,,28 State,"28 State, Boston, Massachusetts, USA"
Watson G. Cutter & Sons,Boston,Real Estate:,,15 State,"15 State, Boston, Massachusetts, USA"
Peter Dally,Boston,Real Estate:,,120 Boylston,"120 Boylston, Boston, Massachusetts, USA"
Daniel J. Daly,Boston,Real Estate:,,Dorchester,"Dorchester, Boston, Massachusetts, USA"
Franklin P. Daly,Boston,Real Estate:,,101 Tremont,"101 Tremont, Boston, Massachusetts, USA"
Levi A. Dame,Boston,Real Estate:,,7 Water,"7 Water, Boston, Massachusetts, USA"
Meyer Dana,Boston,Real Estate:,Kimball bldg.,431,
Samuel L. Dana,Boston,Real Estate:,,34 School,"34 School, Boston, Massachusetts, USA"
Jullus Dangel,Boston,Real Estate:,Old South bldg.,1024,
S. M. Danielson,Boston,Real Estate:,Old South bldg.,752,
Wm. A. Davidson,Boston,Real Estate:,St Marys bldg.,100,
George Davis,Boston,Real Estate:,,70 State,"70 State, Boston, Massachusetts, USA"
L. Shannon Davis,Boston,Real Estate:,Barstrs. Hall,512,
W. J. M. De Angelis,Boston,Real Estate:,,Dorchester,"Dorchester, Boston, Massachusetts, USA"
Geo. L. DeBlois,Boston,Real Estate:,,80 Kilby,"80 Kilby, Boston, Massachusetts, USA"
W. T. Delaney,Boston,Real Estate:,,514 Tremont,"514 Tremont, Boston, Massachusetts, USA"
Raymond P. Delano,Boston,Real Estate:,Upham's Cor.,,"Upham's Cor., Boston, Massachusetts, USA"
E. M. Dennen,Boston,Real Estate:,,88 Dartmouth,"88 Dartmouth, Boston, Massachusetts, USA"
Roberts B. Denny,Boston,Real Estate:,,143 Federal,"143 Federal, Boston, Massachusetts, USA"
Hector H. Desnoyers,Boston,Real Estate:,Tremont bld.,1160,
Clifford Devens,Boston,Real Estate:,,54 Devonshire,"54 Devonshire, Boston, Massachusetts, USA"
James V. Devine,Boston,Real Estate:,,Dorchester,"Dorchester, Boston, Massachusetts, USA"
Wallace D. Dexter,Boston,Real Estate:,,50 Congress,"50 Congress, Boston, Massachusetts, USA"
Robert L. Dickson,Boston,Real Estate:,Old South bldg.,826,
Geo. A. Dill,Boston,Real Estate:,Tremont bldg.,401,
Joseph D. Dillworth,Boston,Real Estate:,,16 State,"16 State, Boston, Massachusetts, USA"
Dodge Bros.,Boston,Real Estate:,,27 School,"27 School, Boston, Massachusetts, USA"
Edw. J. Doherty,Boston,Real Estate:,,Brighton,"Brighton, Boston, Massachusetts, USA"
Frank L. Doherty,Boston,Real Estate:,,684 Dudley,"684 Dudley, Boston, Massachusetts, USA"
Doherty Realty Co.,Boston,Real Estate:,,413A Geneva ave,"413A Geneva ave, Boston, Massachusetts, USA"
M. F. Dolan,Boston,Real Estate:,,Jamaica Plain,"Jamaica Plain, Boston, Massachusetts, USA"
Dole & Sherburne,Boston,Real Estate:,,180 Tremont,"180 Tremont, Boston, Massachusetts, USA"
Thomas Donahue,Boston,Real Estate:,,Nantasket Beach,"Nantasket Beach, Boston, Massachusetts, USA"
"Donaldson, Ingalls & Co.",Boston,Real Estate:,,294 Wash.,"294 Wash., Boston, Massachusetts, USA"
Eugene D. Donnell,Boston,Real Estate:,,W. Somerville,"W. Somerville, Boston, Massachusetts, USA"
John H. Donovan,Boston,Real Estate:,,18 Tremont,"18 Tremont, Boston, Massachusetts, USA"
Benj. H. Dorr,Boston,Real Estate:,,28 State,"28 State, Boston, Massachusetts, USA"
"Dorr, Tileston, Warren",Boston,Real Estate:,,Roxbury,"Roxbury, Boston, Massachusetts, USA"
Chas C. Doten,Boston,Real Estate:,,Dorchester,"Dorchester, Boston, Massachusetts, USA"
Charles F. Dow,Boston,Real Estate:,,53 State,"53 State, Boston, Massachusetts, USA"
C. M. Downes,Boston,Real Estate:,,Dorchester,"Dorchester, Boston, Massachusetts, USA"
M. Doyle,Boston,Real Estate:,,63 Roxbury,"63 Roxbury, Boston, Massachusetts, USA"
Stephen A. Drew,Boston,Real Estate:,Old South bldg.,1128,
Geo. H. S. Driver,Boston,Real Estate:,,18 Tremont,"18 Tremont, Boston, Massachusetts, USA"
Wilton A. Dunham,Boston,Real Estate:,,7 Water,"7 Water, Boston, Massachusetts, USA"
John W. Dunlop,Boston,Real Estate:,,81 Milk,"81 Milk, Boston, Massachusetts, USA"
Geo. E. Gurgin,Boston,Real Estate:,Ames bldg.,31,
Wm. Dwyer,Boston,Real Estate:,,16 State,"16 State, Boston, Massachusetts, USA"
East Boston Co.,Boston,Real Estate:,,16 State,"16 State, Boston, Massachusetts, USA"
Eastern Land Co.,Boston,Real Estate:,,101 Tremont,"101 Tremont, Boston, Massachusetts, USA"
Wiley S. Edmands,Boston,Real Estate:,,178 Devonshire,"178 Devonshire, Boston, Massachusetts, USA"
H. T. Eisenberg,Boston,Real Estate:,,85 Stillman,"85 Stillman, Boston, Massachusetts, USA"
Alfred Ela,Boston,Real Estate:,Old South bldg.,905,
Edward H. Eldredge & Co.,Boston,Real Estate:,,16 State,"16 State, Boston, Massachusetts, USA"
Geo. B. Elliot,Boston,Real Estate:,,209 Washington,"209 Washington, Boston, Massachusetts, USA"
Benjamin P. Ellis,Boston,Real Estate:,,16 State,"16 State, Boston, Massachusetts, USA"
John L. Ellis,Boston,Real Estate:,,Dorchester,"Dorchester, Boston, Massachusetts, USA"
Joseph H. Emerson,Boston,Real Estate:,,2414 Washington,"2414 Washington, Boston, Massachusetts, USA"
H. Nelson Emmons,Boston,Real Estate:,John Hancock bldg.,627,
Samuel Epstein,Boston,Real Estate:,,362 Blue Hill ave.,"362 Blue Hill ave., Boston, Massachusetts, USA"
Arthur W. Evans,Boston,Real Estate:,,15 State,"15 State, Boston, Massachusetts, USA"
Brice S. Evans & Son,Boston,Real Estate:,Equitable bld.,34,
Percival A. Evana,Boston,Real Estate:,,19 Congress,"19 Congress, Boston, Massachusetts, USA"
P. J. Evans,Boston,Real Estate:,,18 Tremont,"18 Tremont, Boston, Massachusetts, USA"
F. E. Everett,Boston,Real Estate:,Ames bldg.,100,
Wm. H. Fanning,Boston,Real Estate:,,606 Dudley,"606 Dudley, Boston, Massachusetts, USA"
"Owen F. Farley, Jr.",Boston,Real Estate:,,27 State,"27 State, Boston, Massachusetts, USA"
Wm. M. Farrington,Boston,Real Estate:,,70 Kilby,"70 Kilby, Boston, Massachusetts, USA"
Geo. B. Faunce & Son,Boston,Real Estate:,,142 Dudley,"142 Dudley, Boston, Massachusetts, USA"
Federal Real Est. & Inv. Co.,Boston,Real Estate:,Old South bldg.,1082,
Fernald & Squire,Boston,Real Estate:,Tremont bldg.,528,
"Finlay, Crowe & Hastings",Boston,Real Estate:,,60 State,"60 State, Boston, Massachusetts, USA"
Wm. A. E. Finlay,Boston,Real Estate:,,89 State,"89 State, Boston, Massachusetts, USA"
M. E. Finnegan,Boston,Real Estate:,,331 Broadway,"331 Broadway, Boston, Massachusetts, USA"
Andrew P. Fisher & Co.,Boston,Real Estate:,,E. Boston,"E. Boston, Boston, Massachusetts, USA"
Robert S. Fitch,Boston,Real Estate:,,Dorchester,"Dorchester, Boston, Massachusetts, USA"
Fitzgerald's Real Est. Agcy.,Boston,Real Estate:,,Dorchester,"Dorchester, Boston, Massachusetts, USA"
C. P. & H. D. Flagg,Boston,Real Estate:,,165 Blackstone,"165 Blackstone, Boston, Massachusetts, USA"
Fleming Bros.,Boston,Real Estate:,,,
W. H. Gilbert,Boston,Real Estate:,Old South bldg,,"Old South bldg, Boston, Massachusetts, USA"
Giles Bosworth,Boston,Real Estate:,,Dorchester,"Dorchester, Boston, Massachusetts, USA"
Louis A. Ginsburg,Boston,Real Estate:,,18 Tremont,"18 Tremont, Boston, Massachusetts, USA"
Globe Real Estate Co.,Boston,Real Estate:,,18 Tremont,"18 Tremont, Boston, Massachusetts, USA"
F. Goddard & Co.,Boston,Real Estate:,,1774 Washington,"1774 Washington, Boston, Massachusetts, USA"
J. Goldinger,Boston,Real Estate:,,10 Central Square,"10 Central Square, Boston, Massachusetts, USA"
Jacob H. Goodman,Boston,Real Estate:,,28 School,"28 School, Boston, Massachusetts, USA"
William Goos & Co.,Boston,Real Estate:,,209 Washington,"209 Washington, Boston, Massachusetts, USA"
A. L. Gordon,Boston,Real Estate:,,18 Tremont,"18 Tremont, Boston, Massachusetts, USA"
Gordon & Seltzer,Boston,Real Estate:,,338 Blue Hill av. Rox,"338 Blue Hill av. Rox, Boston, Massachusetts, USA"
P. F. Gormley,Boston,Real Estate:,,15 School,"15 School, Boston, Massachusetts, USA"
"Grace-Dellano Co., Inc.",Boston,Real Estate:,Trent. bld.,216,
Peter Graffam,Boston,Real Estate:,,6 Beacon,"6 Beacon, Boston, Massachusetts, USA"
Grandberg Real Est. Agcy.,Boston,Real Estate:,,394 Blue Hill ave.,"394 Blue Hill ave., Boston, Massachusetts, USA"
Chas. Brandson,Boston,Real Estate:,,48 Tremont,"48 Tremont, Boston, Massachusetts, USA"
Geo. R. Grantham,Boston,Real Estate:,,18 Tremont,"18 Tremont, Boston, Massachusetts, USA"
Greenburg & Standard,Boston,Real Estate:,,43 Tremont,"43 Tremont, Boston, Massachusetts, USA"
John H. Griggs & Co.,Boston,Real Estate:,,"162 Dudley, Rox.","162 Dudley, Rox., Boston, Massachusetts, USA"
Gordon Hale,Boston,Real Estate:,,16 State,"16 State, Boston, Massachusetts, USA"
A. F. Hall,Boston,Real Estate:,,Dorchester,"Dorchester, Boston, Massachusetts, USA"
Arthur J. Hall & Bro.,Boston,Real Estate:,,202 Harrison av,"202 Harrison av, Boston, Massachusetts, USA"
Charles Athon Hall,Boston,Real Estate:,Tremont bldg,645,
F. Hall,Boston,Real Estate:,,Dorchester,"Dorchester, Boston, Massachusetts, USA"
J. H. Hallett,Boston,Real Estate:,,423 Hanover,"423 Hanover, Boston, Massachusetts, USA"
Paul M. Hamlen,Boston,Real Estate:,,60 State,"60 State, Boston, Massachusetts, USA"
Russell E. Hamlin,Boston,Real Estate:,,E. Boston,"E. Boston, Boston, Massachusetts, USA"
Harry B. Hammond,Boston,Real Estate:,,Dorchester,"Dorchester, Boston, Massachusetts, USA"
J. W. Hanson,Boston,Real Estate:,,84 W. Rutland Sq.,"84 W. Rutland Sq., Boston, Massachusetts, USA"
Harper & Co.,Boston,Real Estate:,,230 Washington,"230 Washington, Boston, Massachusetts, USA"
Edward T. Harrington Co.,Boston,Real Estate:,,293 Wash.,"293 Wash., Boston, Massachusetts, USA"
Henry & Harris,Boston,Real Estate:,,67 Milk,"67 Milk, Boston, Massachusetts, USA"
Francis Hastings,Boston,Real Estate:,,89 State,"89 State, Boston, Massachusetts, USA"
"F. Hastings, Jr.",Boston,Real Estate:,,80 Kirby,"80 Kirby, Boston, Massachusetts, USA"
L. J. Hastings,Boston,Real Estate:,,76 Tremont,"76 Tremont, Boston, Massachusetts, USA"
Chas. A. Hayden,Boston,Real Estate:,,68 Pemberton Sq,"68 Pemberton Sq, Boston, Massachusetts, USA"
John E. V. Hayden,Boston,Real Estate:,,114 State,"114 State, Boston, Massachusetts, USA"
Hayes & Welch,Boston,Real Estate:,,112 Water,"112 Water, Boston, Massachusetts, USA"
A. B. Hayward,Boston,Real Estate:,John Hancock bldg,511,
Isaac Hellar,Boston,Real Estate:,,18 Tremont,"18 Tremont, Boston, Massachusetts, USA"
Henderson & Ross,Boston,Real Estate:,,18 Tremont,"18 Tremont, Boston, Massachusetts, USA"
G. Hedstrom,Boston,Real Estate:,,Dorchester,"Dorchester, Boston, Massachusetts, USA"
Jason E. Herrick,Boston,Real Estate:,,15 State,"15 State, Boston, Massachusetts, USA"
Emory O. Hersey,Boston,Real Estate:,,Dorchester,"Dorchester, Boston, Massachusetts, USA"
John H. Heslan,Boston,Real Estate:,,1158 Columbus ave.,"1158 Columbus ave., Boston, Massachusetts, USA"
L. F. Herthel,Boston,Real Estate:,,924 Columbus ave.,"924 Columbus ave., Boston, Massachusetts, USA"
Frederick A. Higgins,Boston,Real Estate:,Old South bid,530,
George H. Hill,Boston,Real Estate:,,6 Beacon,"6 Beacon, Boston, Massachusetts, USA"
Arthur T. Hills,Boston,Real Estate:,,53 State,"53 State, Boston, Massachusetts, USA"
W. N. Hinckley,Boston,Real Estate:,,7 Water,"7 Water, Boston, Massachusetts, USA"
Frederick W. Hobbs,Boston,Real Estate:,,18 Tremont,"18 Tremont, Boston, Massachusetts, USA"
Pinckney Holbrook,Boston,Real Estate:,,50 State,"50 State, Boston, Massachusetts, USA"
Wellington Holbrook,Boston,Real Estate:,Old So. bld.,1044,
Fred Holdsworth,Boston,Real Estate:,,18 Tremont,"18 Tremont, Boston, Massachusetts, USA"
Geo. F. Holl,Boston,Real Estate:,,101 Tremont,"101 Tremont, Boston, Massachusetts, USA"
James L. Holland,Boston,Real Estate:,,2 A. Beacon,"2 A. Beacon, Boston, Massachusetts, USA"
Hood Land Co.,Boston,Real Estate:,,60 State,"60 State, Boston, Massachusetts, USA"
Edward L. Hopkins,Boston,Real Estate:,,362 Brdwy. S. Box.,"362 Brdwy. S. Box., Boston, Massachusetts, USA"
Frank T. Horgan,Boston,Real Estate:,,"360 Bdwy, S. Box.","360 Bdwy, S. Box., Boston, Massachusetts, USA"
S. L. Horner,Boston,Real Estate:,,Dorchester,"Dorchester, Boston, Massachusetts, USA"
Hosford & Williams,Boston,Real Estate:,,85 Devonshire,"85 Devonshire, Boston, Massachusetts, USA"
Houghton & Rich,Boston,Real Estate:,,15 State,"15 State, Boston, Massachusetts, USA"
E. H. Houston,Boston,Real Estate:,,Mattapan,"Mattapan, Boston, Massachusetts, USA"
Chas. W. Howard & Son,Boston,Real Estate:,,18 Tremont,"18 Tremont, Boston, Massachusetts, USA"
J. Murray Howe,Boston,Real Estate:,,28 State,"28 State, Boston, Massachusetts, USA"
J. R. Hubbard,Boston,Real Estate:,Old South bldg.,615,
Clarence G. Hughes & Co.,Boston,Real Estate:,,201 Dev.,"201 Dev., Boston, Massachusetts, USA"
James M. Hughes,Boston,Real Estate:,,18 Tremont,"18 Tremont, Boston, Massachusetts, USA"
Humboldt Rl Est. Co.,Boston,Real Estate:,,108 Humboldt av,"108 Humboldt av, Boston, Massachusetts, USA"
Edward A. Hunting,Boston,Real Estate:,,21 Bromfield,"21 Bromfield, Boston, Massachusetts, USA"
Simon Hurwits,Boston,Real Estate:,,62 Walnut Park,"62 Walnut Park, Boston, Massachusetts, USA"
John H. Hyman,Boston,Real Estate:,,9 Northfield,"9 Northfield, Boston, Massachusetts, USA"
Ingalls & Martin,Boston,Real Estate:,,181 Tremont,"181 Tremont, Boston, Massachusetts, USA"
Charles A. Isenbeck,Boston,Real Estate:,,95 Milk,"95 Milk, Boston, Massachusetts, USA"
Harry Isenberg,Boston,Real Estate:,,30 Court,"30 Court, Boston, Massachusetts, USA"
H. F. Jackson,Boston,Real Estate:,,5 Lenox,"5 Lenox, Boston, Massachusetts, USA"
Jacob Jacoba,Boston,Real Estate:,,43 Tremont,"43 Tremont, Boston, Massachusetts, USA"
Robt. T. Fowler,Boston,Real Estate:,,"708 Centre, Jamaica Plain","708 Centre, Jamaica Plain, Boston, Massachusetts, USA"
Arthur H. James,Boston,Real Estate:,,480 Broadway,"480 Broadway, Boston, Massachusetts, USA"
John Jeffries & Sons,Boston,Real Estate:,Barristers Hall,819,
W. H. Jenkins,Boston,Real Estate:,,18 Kendall,"18 Kendall, Boston, Massachusetts, USA"
C. Jennings,Boston,Real Estate:,Old South bldg.,1088,
A. Konrad Johnson,Boston,Real Estate:,,84 State,"84 State, Boston, Massachusetts, USA"
A. M. Johnson,Boston,Real Estate:,,Dorchester,"Dorchester, Boston, Massachusetts, USA"
D. Webster Johnson,Boston,Real Estate:,Old South bldg.,542,
Frank Johnson,Boston,Real Estate:,,33s Warren,"33s Warren, Boston, Massachusetts, USA"
Oscar Johnson,Boston,Real Estate:,,60 Bromfield,"60 Bromfield, Boston, Massachusetts, USA"
Charles J. Johnston,Boston,Real Estate:,,60 Munroe,"60 Munroe, Boston, Massachusetts, USA"
"John J. Johnston, Jr.",Boston,Real Estate:,,66 Falmouth,"66 Falmouth, Boston, Massachusetts, USA"
I. E. H. Jones,Boston,Real Estate:,,Dorchester,"Dorchester, Boston, Massachusetts, USA"
R. F. Jordon & Co.,Boston,Real Estate:,,East Boston,"East Boston, Boston, Massachusetts, USA"
Sanford Joyce,Boston,Real Estate:,,42 Court,"42 Court, Boston, Massachusetts, USA"
C. Ernest Judkins,Boston,Real Estate:,,"599 E. Bdwy, S. Box.","599 E. Bdwy, S. Box., Boston, Massachusetts, USA"
C. S. Judkins,Boston,Real Estate:,Old South bldg.,935,
Samuel Jukes & Geo. B. French,Boston,Real Estate:,Old South bldg.,234,
Lewis Kalls,Boston,Real Estate:,,258 Washington,"258 Washington, Boston, Massachusetts, USA"
Eugene J. Karge,Boston,Real Estate:,Tremont bldg.,906,
Lewis P. Kaufman,Boston,Real Estate:,,28 School,"28 School, Boston, Massachusetts, USA"
William Kaufman,Boston,Real Estate:,,7 Kemble,"7 Kemble, Boston, Massachusetts, USA"
P. A. Kearns,Boston,Real Estate:,,286 Blue Hill ave.,"286 Blue Hill ave., Boston, Massachusetts, USA"
S. W. Keene & Son,Boston,Real Estate:,,"300 Warren, Rox.","300 Warren, Rox., Boston, Massachusetts, USA"
Henry W. Kelly,Boston,Real Estate:,,58 Warren,"58 Warren, Boston, Massachusetts, USA"
F. J. Kessier & Co.,Boston,Real Estate:,,161 Devonshire,"161 Devonshire, Boston, Massachusetts, USA"
John F. Kilduff,Boston,Real Estate:,,160 Appleton,"160 Appleton, Boston, Massachusetts, USA"
John C. Kiley,Boston,Real Estate:,,18 Tremont,"18 Tremont, Boston, Massachusetts, USA"
T. F. Killeen,Boston,Real Estate:,,1143 Columbus ave.,"1143 Columbus ave., Boston, Massachusetts, USA"
F. W. Kilpatrick,Boston,Real Estate:,,44 Worcester,"44 Worcester, Boston, Massachusetts, USA"
George E. Kimball,Boston,Real Estate:,,360 Warren,"360 Warren, Boston, Massachusetts, USA"
Geo. W. Kimball & Co.,Boston,Real Estate:,,172 Col. ave.,"172 Col. ave., Boston, Massachusetts, USA"
Kimball & Butterfield,Boston,Real Estate:,,,
King Bros.,Boston,Real Estate:,,294 Washington,"294 Washington, Boston, Massachusetts, USA"
D. Webster King,Boston,Real Estate:,,70 State,"70 State, Boston, Massachusetts, USA"
Harold G. King,Boston,Real Estate:,,200 Devonshire,"200 Devonshire, Boston, Massachusetts, USA"
Joseph H. King,Boston,Real Estate:,,9 City Sq.. Charleston,"9 City Sq.. Charleston, Boston, Massachusetts, USA"
E. M. Kingsley,Boston,Real Estate:,,Dorchester,"Dorchester, Boston, Massachusetts, USA"
Edw J. Kronan,Boston,Real Estate:,,478 Broadway,"478 Broadway, Boston, Massachusetts, USA"
Abraham Kurinsky,Boston,Real Estate:,,15 Court Square,"15 Court Square, Boston, Massachusetts, USA"
John S. Lamprey,Boston,Real Estate:,,14 James,"14 James, Boston, Massachusetts, USA"
W. R. Landers,Boston,Real Estate:,,Mattapan,"Mattapan, Boston, Massachusetts, USA"
Mrs. M. Talbot Lane,Boston,Real Estate:,,15 School,"15 School, Boston, Massachusetts, USA"
Lester D. Langley,Boston,Real Estate:,,79 Milk,"79 Milk, Boston, Massachusetts, USA"
Lunnin Realty Co.,Boston,Real Estate:,,Forest Hills,"Forest Hills, Boston, Massachusetts, USA"
F. DeWitt Lapham,Boston,Real Estate:,,Somerville,"Somerville, Boston, Massachusetts, USA"
Benj. H. Lattime,Boston,Real Estate:,,Somerville,"Somerville, Boston, Massachusetts, USA"
Robert Lawton,Boston,Real Estate:,,24 Milk,"24 Milk, Boston, Massachusetts, USA"
I. N. Learned,Boston,Real Estate:,,674½ Tremont,"674½ Tremont, Boston, Massachusetts, USA"
Max Lebowich & Sons,Boston,Real Estate:,,1 Washington,"1 Washington, Boston, Massachusetts, USA"
Charles E. Lee,Boston,Real Estate:,,96 Milk,"96 Milk, Boston, Massachusetts, USA"
Luther W. Lee,Boston,Real Estate:,,60 State,"60 State, Boston, Massachusetts, USA"
Legg & Hall,Boston,Real Estate:,,60 State,"60 State, Boston, Massachusetts, USA"
P. F. Leland,Boston,Real Estate:,,31 Milk,"31 Milk, Boston, Massachusetts, USA"
Louis Levin,Boston,Real Estate:,,18 Tremont,"18 Tremont, Boston, Massachusetts, USA"
C. H. Lewis,Boston,Real Estate:,,15 State,"15 State, Boston, Massachusetts, USA"
E. J. Lewis,Boston,Real Estate:,,260 Hunt ave.,"260 Hunt ave., Boston, Massachusetts, USA"
Mark Lewis,Boston,Real Estate:,,60 State,"60 State, Boston, Massachusetts, USA"
H. Libbey & Son,Boston,Real Estate:,Old South bldg.,913,
A. V. Lincoln,Boston,Real Estate:,,209 Washington,"209 Washington, Boston, Massachusetts, USA"
Wm. Lincoln & Son,Boston,Real Estate:,,27 State,"27 State, Boston, Massachusetts, USA"
Mason & Bissel Co.,Boston,Real Estate:,,12 Clarendon,"12 Clarendon, Boston, Massachusetts, USA"
Mass. Real Estate Co.,Boston,Real Estate:,,20 Beacon,"20 Beacon, Boston, Massachusetts, USA"
Masa. Real Estate Exchange,Boston,Real Estate:,,16 State,"16 State, Boston, Massachusetts, USA"
D. M. Marrison,Boston,Real Estate:,Old South bldg.,331,
Frederick E. Martin,Boston,Real Estate:,,1374 Washington,"1374 Washington, Boston, Massachusetts, USA"
Ernest L. Mason,Boston,Real Estate:,,1101 Tremont,"1101 Tremont, Boston, Massachusetts, USA"
Frank S. Mason,Boston,Real Estate:,Dexter Row,3,
Martin Realty Co.,Boston,Real Estate:,,1368 Washington,"1368 Washington, Boston, Massachusetts, USA"
C. A. McIntosh Co.,Boston,Real Estate:,Tremont bldg.,648,
L. T. McKenney,Boston,Real Estate:,,120 Franklin,"120 Franklin, Boston, Massachusetts, USA"
J. H. McKenzie,Boston,Real Estate:,,550 Shawmut ave.,"550 Shawmut ave., Boston, Massachusetts, USA"
Thos. W. McQuaide Co.,Boston,Real Estate:,,101 Tremont,"101 Tremont, Boston, Massachusetts, USA"
John A. McPherson Co.,Boston,Real Estate:,,Brighton,"Brighton, Boston, Massachusetts, USA"
McPherson & Co.,Boston,Real Estate:,,Brighton,"Brighton, Boston, Massachusetts, USA"
James McTigue,Boston,Real Estate:,,Brighton,"Brighton, Boston, Massachusetts, USA"
Patrick Meehan,Boston,Real Estate:,,Jamaica Plain,"Jamaica Plain, Boston, Massachusetts, USA"
Mercantile Wharf Corp.,Boston,Real Estate:,,88 Clinton,"88 Clinton, Boston, Massachusetts, USA"
Wm. L. Mercer,Boston,Real Estate:,,50 School,"50 School, Boston, Massachusetts, USA"
Meredith & Grew,Boston,Real Estate:,,15 Congres,"15 Congres, Boston, Massachusetts, USA"
Walter E. Merriam,Boston,Real Estate:,,Jamaica Plain,"Jamaica Plain, Boston, Massachusetts, USA"
C. F. Meyer,Boston,Real Estate:,,Jamaica,"Jamaica, Boston, Massachusetts, USA"
Edward B. Miles,Boston,Real Estate:,,27 State,"27 State, Boston, Massachusetts, USA"
Robert F. Miller,Boston,Real Estate:,Tremont bldg.,544,
Samuel S. Miller,Boston,Real Estate:,Old South bldg.,949,
F. L. Millett,Boston,Real Estate:,,628 Tremont,"628 Tremont, Boston, Massachusetts, USA"
Geo. A. Millet & Co.,Boston,Real Estate:,,57 Warren,"57 Warren, Boston, Massachusetts, USA"
F. D. G. Mitchell,Boston,Real Estate:,,1001 Tremont,"1001 Tremont, Boston, Massachusetts, USA"
James W. Mogan,Boston,Real Estate:,,E. Boston,"E. Boston, Boston, Massachusetts, USA"
Robert M. Molineux,Boston,Real Estate:,,60 State,"60 State, Boston, Massachusetts, USA"
Monaton Rlty Investing Corp.,Boston,Real Estate:,,35 Cong.,"35 Cong., Boston, Massachusetts, USA"
Carl F. Monk,Boston,Real Estate:,,50 State,"50 State, Boston, Massachusetts, USA"
H. B. Moody Land Co.,Boston,Real Estate:,Old South bld.,529,
Chas. P. Mooney,Boston,Real Estate:,,70 Kilby,"70 Kilby, Boston, Massachusetts, USA"
E. E. Morrill,Boston,Real Estate:,,18 Tremont,"18 Tremont, Boston, Massachusetts, USA"
M. L. Morrison,Boston,Real Estate:,,34 School,"34 School, Boston, Massachusetts, USA"
J. H. Morse,Boston,Real Estate:,,27 State,"27 State, Boston, Massachusetts, USA"
Sylvanus G. Morse,Boston,Real Estate:,Tremont bldg.,647,
George W. Mudgett,Boston,Real Estate:,,467¼ Dudley,"467¼ Dudley, Boston, Massachusetts, USA"
Peter J. Mullen,Boston,Real Estate:,,Jamaica Plain,"Jamaica Plain, Boston, Massachusetts, USA"
Walter E. Mullett,Boston,Real Estate:,,Dorchester,"Dorchester, Boston, Massachusetts, USA"
T. B. Munroe,Boston,Real Estate:,Tremont bldg.,444,
Mutual Real Estate Co.,Boston,Real Estate:,,Dorchester,"Dorchester, Boston, Massachusetts, USA"
M. I. Mydans,Boston,Real Estate:,,18 Tremont,"18 Tremont, Boston, Massachusetts, USA"
J. L. Nason,Boston,Real Estate:,Tremont bldg.,408,
Henry J. Nazro,Boston,Real Estate:,,15 State,"15 State, Boston, Massachusetts, USA"
Herbert F. Nelson,Boston,Real Estate:,,60 State,"60 State, Boston, Massachusetts, USA"
Israel Nelson,Boston,Real Estate:,,101 Tremont,"101 Tremont, Boston, Massachusetts, USA"
A. Neustadt,Boston,Real Estate:,,861A Dudley,"861A Dudley, Boston, Massachusetts, USA"
F. A. Newell,Boston,Real Estate:,,55 Warren ave.,"55 Warren ave., Boston, Massachusetts, USA"
Chas. A. Newhall,Boston,Real Estate:,,18 Tremont,"18 Tremont, Boston, Massachusetts, USA"
Cheever Newhall,Boston,Real Estate:,,18 Tremont,"18 Tremont, Boston, Massachusetts, USA"
Elbridge K. Newhall,Boston,Real Estate:,,79 Milk,"79 Milk, Boston, Massachusetts, USA"
Newhall & Newhall,Boston,Real Estate:,,Brighton,"Brighton, Boston, Massachusetts, USA"
Sewall E. Newman,Boston,Real Estate:,,18 Tremont,"18 Tremont, Boston, Massachusetts, USA"
"John F. Newton, Jr.",Boston,Real Estate:,,15 Exchange,"15 Exchange, Boston, Massachusetts, USA"
Alexander Nicholson,Boston,Real Estate:,,1006 Tremont,"1006 Tremont, Boston, Massachusetts, USA"
E. C. Nickerson,Boston,Real Estate:,,Jamaica Plain,"Jamaica Plain, Boston, Massachusetts, USA"
J. W. Nightingale,Boston,Real Estate:,,18 James,"18 James, Boston, Massachusetts, USA"
J. Harris Niles,Boston,Real Estate:,,60 State,"60 State, Boston, Massachusetts, USA"
L. V. Niles,Boston,Real Estate:,,60 State,"60 State, Boston, Massachusetts, USA"
Arthur J. Noble,Boston,Real Estate:,,Uphams Corner,"Uphams Corner, Boston, Massachusetts, USA"
Noble & Myers,Boston,Real Estate:,,588 Tremont,"588 Tremont, Boston, Massachusetts, USA"
Northern Land Co.,Boston,Real Estate:,,101 Tremont,"101 Tremont, Boston, Massachusetts, USA"
Bennett Norwich,Boston,Real Estate:,,Dorchester,"Dorchester, Boston, Massachusetts, USA"
Frank A. Noyes,Boston,Real Estate:,Old South bldg.,713,
Joshua T. Nowell,Boston,Real Estate:,,42 Court,"42 Court, Boston, Massachusetts, USA"
Geo. A. Nute,Boston,Real Estate:,,3 W. Canton,"3 W. Canton, Boston, Massachusetts, USA"
Wm. Pease O'Brien,Boston,Real Estate:,,84 State,"84 State, Boston, Massachusetts, USA"
Lionel E. O'Hara,Boston,Real Estate:,Ames bldg.,40,
Wm. Pende O'Brien,Boston,Real Estate:,,84 State,"84 State, Boston, Massachusetts, USA"
Jos. C. O'Neil,Boston,Real Estate:,,433 Hanover,"433 Hanover, Boston, Massachusetts, USA"
Thomas O'Neil,Boston,Real Estate:,,216 Bowdoin,"216 Bowdoin, Boston, Massachusetts, USA"
Martin O'Shaughnessy,Boston,Real Estate:,,555 Warren,"555 Warren, Boston, Massachusetts, USA"
A. T. Paddock,Boston,Real Estate:,,262 Washington,"262 Washington, Boston, Massachusetts, USA"
Bailey L. Page,Boston,Real Estate:,,Jamaica,"Jamaica, Boston, Massachusetts, USA"
Frederick W. Paine,Boston,Real Estate:,,28 State,"28 State, Boston, Massachusetts, USA"
Park Land Co.,Boston,Real Estate:,,15 School,"15 School, Boston, Massachusetts, USA"
G. Frederick Parker,Boston,Real Estate:,,21 Bromfield,"21 Bromfield, Boston, Massachusetts, USA"
Geo. S. Parker,Boston,Real Estate:,,28 State,"28 State, Boston, Massachusetts, USA"
Wm. D. Parker,Boston,Real Estate:,,40 State,"40 State, Boston, Massachusetts, USA"
Silas E. Parsons,Boston,Real Estate:,,Dorchester,"Dorchester, Boston, Massachusetts, USA"
Partridge & Smith,Boston,Real Estate:,,672 Tremont,"672 Tremont, Boston, Massachusetts, USA"
F. Alfred Patterson,Boston,Real Estate:,,7 Water,"7 Water, Boston, Massachusetts, USA"
Wm. J. Paul,Boston,Real Estate:,,Dorchester,"Dorchester, Boston, Massachusetts, USA"
G. W. Peckham,Boston,Real Estate:,,362 Washington,"362 Washington, Boston, Massachusetts, USA"
Pelkey-Wallace Co.,Boston,Real Estate:,,101 Tremont,"101 Tremont, Boston, Massachusetts, USA"
A. E. Pendleton,Boston,Real Estate:,,18 Tremont,"18 Tremont, Boston, Massachusetts, USA"
Isabelle Pendleton,Boston,Real Estate:,,19 Green,"19 Green, Boston, Massachusetts, USA"
A. D. Pennycuick,Boston,Real Estate:,,15 State,"15 State, Boston, Massachusetts, USA"
Henry G. Perkins,Boston,Real Estate:,,77 Summer,"77 Summer, Boston, Massachusetts, USA"
A. W. Perry,Boston,Real Estate:,,105 Summer,"105 Summer, Boston, Massachusetts, USA"
Otis H. Perry,Boston,Real Estate:,Tremont bldg.,929,
Ralph D. Perry,Boston,Real Estate:,Old South bldg.,1134,
C. O. Peters & Co.,Boston,Real Estate:,,10 Tremont,"10 Tremont, Boston, Massachusetts, USA"
John G. Peters,Boston,Real Estate:,Tremont bldg.,1117,
D. K. & L. H. Phillips,Boston,Real Estate:,,161 Pearl,"161 Pearl, Boston, Massachusetts, USA"
Thomas F. Phillips,Boston,Real Estate:,Tremont bldg.,115,
A. P. Phinney,Boston,Real Estate:,,2185 Washington,"2185 Washington, Boston, Massachusetts, USA"
Phinney & Hill,Boston,Real Estate:,,2414 Washington,"2414 Washington, Boston, Massachusetts, USA"
J. B. Phipps,Boston,Real Estate:,,18 Tremont,"18 Tremont, Boston, Massachusetts, USA"
Nathan Pinanski,Boston,Real Estate:,,34 School,"34 School, Boston, Massachusetts, USA"
Pinedale Park Land Co.,Boston,Real Estate:,Old S. bld.,1030,
Fred E. Pond,Boston,Real Estate:,,44 Humboldt ave.,"44 Humboldt ave., Boston, Massachusetts, USA"
Poole & Bigelow,Boston,Real Estate:,,70 Kilby,"70 Kilby, Boston, Massachusetts, USA"
Clarence H. Poor,Boston,Real Estate:,,85 Water,"85 Water, Boston, Massachusetts, USA"
Harris Poorin,Boston,Real Estate:,,48 Tremont,"48 Tremont, Boston, Massachusetts, USA"
Alex S. Porter,Boston,Real Estate:,,60 State,"60 State, Boston, Massachusetts, USA"
W. E. Porter,Boston,Real Estate:,,26 Pemberton Square,"26 Pemberton Square, Boston, Massachusetts, USA"
C. E. Powers & Co.,Boston,Real Estate:,,Dorchester,"Dorchester, Boston, Massachusetts, USA"
M. J. Powers,Boston,Real Estate:,,Dorchester,"Dorchester, Boston, Massachusetts, USA"
Earl W. Pratt,Boston,Real Estate:,,786 Washington,"786 Washington, Boston, Massachusetts, USA"
Josiah F. Prescott,Boston,Real Estate:,,209 Washington,"209 Washington, Boston, Massachusetts, USA"
Geo. A. Proctor,Boston,Real Estate:,,85 Court,"85 Court, Boston, Massachusetts, USA"
Quincy & Co.,Boston,Real Estate:,,28 School,"28 School, Boston, Massachusetts, USA"
H. M. Rambach,Boston,Real Estate:,,18 Tremont,"18 Tremont, Boston, Massachusetts, USA"
Frank N. Rand,Boston,Real Estate:,,27 State,"27 State, Boston, Massachusetts, USA"
Beverly Rantoul,Boston,Real Estate:,State Mut. bldg.,731,
Realty Investment Co.,Boston,Real Estate:,,209 Washington,"209 Washington, Boston, Massachusetts, USA"
Ralph W. Redding,Boston,Real Estate:,,7 Water,"7 Water, Boston, Massachusetts, USA"
E. T. Redmond & Co.,Boston,Real Estate:,,85 Devonshire,"85 Devonshire, Boston, Massachusetts, USA"
Jacob Reeves,Boston,Real Estate:,,70 State,"70 State, Boston, Massachusetts, USA"
Geo. S. Rice,Boston,Real Estate:,,7 Water,"7 Water, Boston, Massachusetts, USA"
D. Bradley Rich & Co.,Boston,Real Estate:,,15 State,"15 State, Boston, Massachusetts, USA"
E. E. Richards,Boston,Real Estate:,,75 Warren,"75 Warren, Boston, Massachusetts, USA"
E. H. & H. N. Richards,Boston,Real Estate:,,114 State,"114 State, Boston, Massachusetts, USA"
Richards Real Estate Co.,Boston,Real Estate:,,76 Warren,"76 Warren, Boston, Massachusetts, USA"
W. S. Richards,Boston,Real Estate:,,Allerton,"Allerton, Boston, Massachusetts, USA"
Benj. P. Richardson,Boston,Real Estate:,Sears bldg.,402,
Malbon Gore Richardson,Boston,Real Estate:,,50 Congress,"50 Congress, Boston, Massachusetts, USA"
J. J. Riley & Co.,Boston,Real Estate:,,42 Court,"42 Court, Boston, Massachusetts, USA"
A. O. Roberts,Boston,Real Estate:,Tremont Temple,700,
Leslie M. Roberts,Boston,Real Estate:,,79 Milk,"79 Milk, Boston, Massachusetts, USA"
Raymond Roberts,Boston,Real Estate:,,780 Tremont,"780 Tremont, Boston, Massachusetts, USA"
A. Arthur Robinson,Boston,Real Estate:,,101 Tremont,"101 Tremont, Boston, Massachusetts, USA"
Hyman S. Robinson,Boston,Real Estate:,,102 Brighton,"102 Brighton, Boston, Massachusetts, USA"
Ira W. Shapira.,Boston,Real Estate:,,30 Court,"30 Court, Boston, Massachusetts, USA"
"J. Shapiro,",Boston,Real Estate:,,East Boston,"East Boston, Boston, Massachusetts, USA"
"Sann & Eastman,",Boston,Real Estate:,,W. Roxbury,"W. Roxbury, Boston, Massachusetts, USA"
Edward Sharp.,Boston,Real Estate:,Old South bldg,,"Old South bldg, Boston, Massachusetts, USA"
"Wm. & Edwin Sheafe,",Boston,Real Estate:,,153 Milk,"153 Milk, Boston, Massachusetts, USA"
"Max Shoolman,",Boston,Real Estate:,,18 Tremont,"18 Tremont, Boston, Massachusetts, USA"
"Max Silk,",Boston,Real Estate:,,1 Beacon,"1 Beacon, Boston, Massachusetts, USA"
M. Sliva.,Boston,Real Estate:,,29 Tyler,"29 Tyler, Boston, Massachusetts, USA"
"Silverman & Shapiro,",Boston,Real Estate:,,28 Hollander,"28 Hollander, Boston, Massachusetts, USA"
"S. Sirk,",Boston,Real Estate:,,1525 Washington,"1525 Washington, Boston, Massachusetts, USA"
"C. Edmund Skerry,",Boston,Real Estate:,,79 Milk,"79 Milk, Boston, Massachusetts, USA"
"J. H. Skillings,",Boston,Real Estate:,,201 Devonshire,"201 Devonshire, Boston, Massachusetts, USA"
"John W. Slavin,",Boston,Real Estate:,,143 Federal,"143 Federal, Boston, Massachusetts, USA"
Stephen W. Sleeper.,Boston,Real Estate:,,31 Milk,"31 Milk, Boston, Massachusetts, USA"
"Edwin S. Small,",Boston,Real Estate:,,153 Milk,"153 Milk, Boston, Massachusetts, USA"
"B. R. Smith,",Boston,Real Estate:,Old South bldg.,,"Old South bldg., Boston, Massachusetts, USA"
"Franklin L. Smith,",Boston,Real Estate:,,178 Devonshire,"178 Devonshire, Boston, Massachusetts, USA"
"Fred M. Smith,",Boston,Real Estate:,,17 India,"17 India, Boston, Massachusetts, USA"
"George B. Smith,",Boston,Real Estate:,,2414 Washington,"2414 Washington, Boston, Massachusetts, USA"
G. M. Smith.,Boston,Real Estate:,,18 Tremont,"18 Tremont, Boston, Massachusetts, USA"
"Herbert E. Smith,",Boston,Real Estate:,,Forest Hills,"Forest Hills, Boston, Massachusetts, USA"
"O. O. Smith,",Boston,Real Estate:,,Hull,"Hull, Boston, Massachusetts, USA"
"Smith & Co.,",Boston,Real Estate:,,171 W. Springfield,"171 W. Springfield, Boston, Massachusetts, USA"
"Smith & Sylvester,",Boston,Real Estate:,,17 Milk,"17 Milk, Boston, Massachusetts, USA"
"Seth J. Snow, Jr.",Boston,Real Estate:,Equitable bldg.,,"Equitable bldg., Boston, Massachusetts, USA"
"Seth J. Snow,",Boston,Real Estate:,,16 State,"16 State, Boston, Massachusetts, USA"
"W. H. Solomon,",Boston,Real Estate:,,79 Milk,"79 Milk, Boston, Massachusetts, USA"
"S. Solomont & Sons,",Boston,Real Estate:,,18 Tremont,"18 Tremont, Boston, Massachusetts, USA"
"C. S. Spencer,",Boston,Real Estate:,,80 Court st.,"80 Court st., Boston, Massachusetts, USA"
"Albert H. M. Spiller,",Boston,Real Estate:,,18 Tremont,"18 Tremont, Boston, Massachusetts, USA"
"Edwin R. Spanney,",Boston,Real Estate:,,286 K,"286 K, Boston, Massachusetts, USA"
"E. F. Sprague,",Boston,Real Estate:,,27 State,"27 State, Boston, Massachusetts, USA"
"Springfield, Mass., Real Estate",Boston,Real Estate:,,,
"Squire Real Estate Trust,",Boston,Real Estate:,,18 Central,"18 Central, Boston, Massachusetts, USA"
"J. & J. F. Stackpole,",Boston,Real Estate:,,Winter Hill,"Winter Hill, Boston, Massachusetts, USA"
"W. W. Stall,",Boston,Real Estate:,,7 Water,"7 Water, Boston, Massachusetts, USA"
"Frederick J. Stark,",Boston,Real Estate:,Old South bldg,,"Old South bldg, Boston, Massachusetts, USA"
"Steere & Rankin,",Boston,Real Estate:,Old South bldg,,"Old South bldg, Boston, Massachusetts, USA"
"Steere & Courtnell,",Boston,Real Estate:,Old South bldg,,"Old South bldg, Boston, Massachusetts, USA"
"David Stern,",Boston,Real Estate:,,28 State,"28 State, Boston, Massachusetts, USA"
"Bernard Steurer,",Boston,Real Estate:,,Allston,"Allston, Boston, Massachusetts, USA"
"Susan E. Stevens & Co.,",Boston,Real Estate:,,100 Bylston,"100 Bylston, Boston, Massachusetts, USA"
"James H. Stokes,",Boston,Real Estate:,,18 Tremont,"18 Tremont, Boston, Massachusetts, USA"
"John H. Storer,",Boston,Real Estate:,,16 State,"16 State, Boston, Massachusetts, USA"
"E. A. Strout Farm Agency,",Boston,Real Estate:,,294 Wash,"294 Wash, Boston, Massachusetts, USA"
"Sub Realty Co.,",Boston,Real Estate:,,81 Milk,"81 Milk, Boston, Massachusetts, USA"
"Suburban Land Co.,",Boston,Real Estate:,Old South bldg,,"Old South bldg, Boston, Massachusetts, USA"
"John H. Sullivan,",Boston,Real Estate:,,15 Court Square,"15 Court Square, Boston, Massachusetts, USA"
"Swithin & Merrill,",Boston,Real Estate:,Old South bldg,,"Old South bldg, Boston, Massachusetts, USA"
"Arthur H. Taber & Coffin,",Boston,Real Estate:,,24 Milk,"24 Milk, Boston, Massachusetts, USA"
"Taft & Waite,",Boston,Real Estate:,,Allston,"Allston, Boston, Massachusetts, USA"
"Dudley Talbot,",Boston,Real Estate:,Old South bldg.,,"Old South bldg., Boston, Massachusetts, USA"
"Geo. G. Tarbell,",Boston,Real Estate:,,16 State,"16 State, Boston, Massachusetts, USA"
"Jacob Tarpin,",Boston,Real Estate:,,16 State,"16 State, Boston, Massachusetts, USA"
"Horace W. Taylor,",Boston,Real Estate:,,58 State,"58 State, Boston, Massachusetts, USA"
"John F. Teevan,",Boston,Real Estate:,,57 Lenox,"57 Lenox, Boston, Massachusetts, USA"
"Terminal Real Estate Co.,",Boston,Real Estate:,,110 Dud.,"110 Dud., Boston, Massachusetts, USA"
"J. B. Thomas,",Boston,Real Estate:,,50 Congress,"50 Congress, Boston, Massachusetts, USA"
"F. C. Tobey Land Co.,",Boston,Real Estate:,,73 Tremont,"73 Tremont, Boston, Massachusetts, USA"
"Will & Torrey,",Boston,Real Estate:,,8 Beacon,"8 Beacon, Boston, Massachusetts, USA"
"Totten & Clark,",Boston,Real Estate:,,Dorchester,"Dorchester, Boston, Massachusetts, USA"
"Beni. C. Tower,",Boston,Real Estate:,,85 Congress,"85 Congress, Boston, Massachusetts, USA"
"L. D. Towle,",Boston,Real Estate:,,16 State,"16 State, Boston, Massachusetts, USA"
"R. Elmer Townsend,",Boston,Real Estate:,,82 Devonshire,"82 Devonshire, Boston, Massachusetts, USA"
"Train & Jennison,",Boston,Real Estate:,Tremont bldg.,,"Tremont bldg., Boston, Massachusetts, USA"
"Tremont Real Est. Co.,",Boston,Real Estate:,,598 Tremont,"598 Tremont, Boston, Massachusetts, USA"
"Trojan Realty Inv. Co.,",Boston,Real Estate:,,2414 Washington,"2414 Washington, Boston, Massachusetts, USA"
"Arthur & Tucker,",Boston,Real Estate:,,60 State,"60 State, Boston, Massachusetts, USA"
"Wm. H. Tucker,",Boston,Real Estate:,,15 State,"15 State, Boston, Massachusetts, USA"
"Walter H. Turner,",Boston,Real Estate:,,1055 Tremont,"1055 Tremont, Boston, Massachusetts, USA"
"Tuttle & Lucet,",Boston,Real Estate:,,Dorchester,"Dorchester, Boston, Massachusetts, USA"
"Wm. J. Tyler,",Boston,Real Estate:,,24 Milk,"24 Milk, Boston, Massachusetts, USA"
"Russell Tyson,",Boston,Real Estate:,,60 State,"60 State, Boston, Massachusetts, USA"
"P. A. Underwood,",Boston,Real Estate:,,15 Beacon,"15 Beacon, Boston, Massachusetts, USA"
"Frederick H. Viaux,",Boston,Real Estate:,Exch. bldg.,,"Exch. bldg., Boston, Massachusetts, USA"
"Viles & Smith,",Boston,Real Estate:,,11 Pemberton Square,"11 Pemberton Square, Boston, Massachusetts, USA"
"L. W. Vinal,",Boston,Real Estate:,,Dorchester,"Dorchester, Boston, Massachusetts, USA"
"Hdw F. Walker,",Boston,Real Estate:,,60 State,"60 State, Boston, Massachusetts, USA"
"Jas. F. Walsh & Son,",Boston,Real Estate:,,882 Bdwy. S. Bos,"882 Bdwy. S. Bos, Boston, Massachusetts, USA"
"James M. Walsh,",Boston,Real Estate:,,16 State,"16 State, Boston, Massachusetts, USA"
"M. J. Walsh,",Boston,Real Estate:,,Charlestown,"Charlestown, Boston, Massachusetts, USA"
"Geo. A. Ward,",Boston,Real Estate:,John Hancock bldg.,,"John Hancock bldg., Boston, Massachusetts, USA"
"E. M. Warren Realty Co.,",Boston,Real Estate:,,1 Beacon,"1 Beacon, Boston, Massachusetts, USA"
"T. G. Washburn,",Boston,Real Estate:,,68 Pemberton Square,"68 Pemberton Square, Boston, Massachusetts, USA"
"C. Granville Way,",Boston,Real Estate:,,830 Washington,"830 Washington, Boston, Massachusetts, USA"
"Harold K. Wead,",Boston,Real Estate:,,35 Congress,"35 Congress, Boston, Massachusetts, USA"
"Walter Webb,",Boston,Real Estate:,,8 Berkeley,"8 Berkeley, Boston, Massachusetts, USA"
"W. B. P. Weeks,",Boston,Real Estate:,,8 Congress,"8 Congress, Boston, Massachusetts, USA"
"Joseph & Louis Weinberg,",Boston,Real Estate:,,9,"9, Boston, Massachusetts, USA"
"W. Marriott Welch,",Boston,Real Estate:,,112 Water,"112 Water, Boston, Massachusetts, USA"
"Weld,",Boston,Real Estate:,Mason bldg.,,"Mason bldg., Boston, Massachusetts, USA"
"A. Spaulding Weld,",Boston,Real Estate:,,176 Federal,"176 Federal, Boston, Massachusetts, USA"
"G. E. & E. E. Welles,",Boston,Real Estate:,,235 Hunt ave,"235 Hunt ave, Boston, Massachusetts, USA"
"J. Martin Wells,",Boston,Real Estate:,,16 Elliot Square,"16 Elliot Square, Boston, Massachusetts, USA"
"P. W. Wells & Co.,",Boston,Real Estate:,,6 Beacon,"6 Beacon, Boston, Massachusetts, USA"
"Walter Welsh,",Boston,Real Estate:,,East Boston,"East Boston, Boston, Massachusetts, USA"
"Willard Welsh,",Boston,Real Estate:,,16 Exchange,"16 Exchange, Boston, Massachusetts, USA"
"Geo. F. Wentworth,",Boston,Real Estate:,,18 Tremont,"18 Tremont, Boston, Massachusetts, USA"
"Harry F. West,",Boston,Real Estate:,,100 Worcester,"100 Worcester, Boston, Massachusetts, USA"
"Wetherbee & Clark,",Boston,Real Estate:,,11 Pemberton Sq.,"11 Pemberton Sq., Boston, Massachusetts, USA"
"Harry B. Whall,",Boston,Real Estate:,Tremont bldg.,,"Tremont bldg., Boston, Massachusetts, USA"
"Herbert E. Wheat,",Boston,Real Estate:,,294 Washington,"294 Washington, Boston, Massachusetts, USA"
"George Wheatland,",Boston,Real Estate:,,18 Tremont,"18 Tremont, Boston, Massachusetts, USA"
"Merton Hayes Wheelock,",Boston,Real Estate:,Trmt bld.,,"Trmt bld., Boston, Massachusetts, USA"
"J. W. Whitcher,",Boston,Real Estate:,,7 Water,"7 Water, Boston, Massachusetts, USA"
"Whitcomb, Webb & Co.,",Boston,Real Estate:,,16 State,"16 State, Boston, Massachusetts, USA"
"Whitcomb & Co.,",Boston,Real Estate:,,16 State,"16 State, Boston, Massachusetts, USA"
"Ellerton P. Whitney,",Boston,Real Estate:,,60 Devonshire,"60 Devonshire, Boston, Massachusetts, USA"
"S. D. Whittemore,",Boston,Real Estate:,,101 Tremont,"101 Tremont, Boston, Massachusetts, USA"
"Albert R. Whittier,",Boston,Real Estate:,,16 Exchange,"16 Exchange, Boston, Massachusetts, USA"
"Alvin W. Whittler,",Boston,Real Estate:,,16 State,"16 State, Boston, Massachusetts, USA"
"C. W. Whittier & Bro.,",Boston,Real Estate:,,55 Congress,"55 Congress, Boston, Massachusetts, USA"
"Edward H. Wiggin,",Boston,Real Estate:,,60 State,"60 State, Boston, Massachusetts, USA"
"Jacob W. Wilbur,",Boston,Real Estate:,,89 State,"89 State, Boston, Massachusetts, USA"
"Samuel J. Wilde,",Boston,Real Estate:,,Jamaica,"Jamaica, Boston, Massachusetts, USA"
"L. Willeutt & Co.,",Boston,Real Estate:,,28 Cumberland,"28 Cumberland, Boston, Massachusetts, USA"
"I. E. Williams & Co.,",Boston,Real Estate:,Ames bldg.,,"Ames bldg., Boston, Massachusetts, USA"
"Williams & Bangs,",Boston,Real Estate:,,18 Tremont,"18 Tremont, Boston, Massachusetts, USA"
"Williams & Co.,",Boston,Real Estate:,Old South bldg.,,"Old South bldg., Boston, Massachusetts, USA"
"Williams & Dowd,",Boston,Real Estate:,,16 State,"16 State, Boston, Massachusetts, USA"
"J. D. K. Willis & Co.,",Boston,Real Estate:,,50 State,"50 State, Boston, Massachusetts, USA"
"Winslow A. Wilson,",Boston,Real Estate:,,Dorchester,"Dorchester, Boston, Massachusetts, USA"
"Charles G. Winslow,",Boston,Real Estate:,,28 State,"28 State, Boston, Massachusetts, USA"
"H. F. Winslow,",Boston,Real Estate:,,33 Broad,"33 Broad, Boston, Massachusetts, USA"
"E. S. Wolfe,",Boston,Real Estate:,,683 Tremont,"683 Tremont, Boston, Massachusetts, USA"
"Clarence B. Wood,",Boston,Real Estate:,,82 Devonshire,"82 Devonshire, Boston, Massachusetts, USA"
"Geo. O. Wood,",Boston,Real Estate:,,31 Milk,"31 Milk, Boston, Massachusetts, USA"
"Wood, Harmon & Co.,",Boston,Real Estate:,,13 School,"13 School, Boston, Massachusetts, USA"
"FRER'K O. WOODRUFF & CO.,",Boston,Real Estate:,,60 State,"60 State, Boston, Massachusetts, USA"
"Geo. Adams Woods,",Boston,Real Estate:,,15 State,"15 State, Boston, Massachusetts, USA"
"Elijah B. Woodworth,",Boston,Real Estate:,,30 Court,"30 Court, Boston, Massachusetts, USA"
"George Wyner,",Boston,Real Estate:,,18 Tremont,"18 Tremont, Boston, Massachusetts, USA"
"Max E & Chas. E. Wyzanski,",Boston,Real Estate:,,18 Tremont,"18 Tremont, Boston, Massachusetts, USA"
